<?xml version="1.0" encoding="UTF-8" ?>
<!-- This is a WordPress eXtended RSS file generated by WordPress as an export of your site. -->
<!-- It contains information about your site's posts, pages, comments, categories, and other content. -->
<!-- You may use this file to transfer that content from one site to another. -->
<!-- This file is not intended to serve as a complete backup of your site. -->

<!-- To import this information into a WordPress site follow these steps: -->
<!-- 1. Log in to that site as an administrator. -->
<!-- 2. Go to Tools: Import in the WordPress admin panel. -->
<!-- 3. Install the "WordPress" importer from the list. -->
<!-- 4. Activate & Run Importer. -->
<!-- 5. Upload this file using the form provided on that page. -->
<!-- 6. You will first be asked to map the authors in this export file to users -->
<!--    on the site. For each author, you may choose to map to an -->
<!--    existing user on the site or to create a new user. -->
<!-- 7. WordPress will then import each of the posts, pages, comments, categories, etc. -->
<!--    contained in this file into your site. -->

<!-- generator="WordPress/3.8.3" created="2014-06-20 13:43" -->
<rss version="2.0"
	xmlns:excerpt="http://wordpress.org/export/1.2/excerpt/"
	xmlns:content="http://purl.org/rss/1.0/modules/content/"
	xmlns:wfw="http://wellformedweb.org/CommentAPI/"
	xmlns:dc="http://purl.org/dc/elements/1.1/"
	xmlns:wp="http://wordpress.org/export/1.2/"
>

<channel>
	<title>Bridge</title>
	<link>http://demo.qodeinteractive.com/bridge13</link>
	<description>Creative Multi-Purpose WordPress Theme</description>
	<pubDate>Fri, 20 Jun 2014 13:43:18 +0000</pubDate>
	<language>en-US</language>
	<wp:wxr_version>1.2</wp:wxr_version>
	<wp:base_site_url>http://demo.qodeinteractive.com/bridge13</wp:base_site_url>
	<wp:base_blog_url>http://demo.qodeinteractive.com/bridge13</wp:base_blog_url>

	<wp:author><wp:author_id>1</wp:author_id><wp:author_login>admin</wp:author_login><wp:author_email>support@qodeinteractive.com</wp:author_email><wp:author_display_name><![CDATA[admin]]></wp:author_display_name><wp:author_first_name><![CDATA[Qode]]></wp:author_first_name><wp:author_last_name><![CDATA[Interactive]]></wp:author_last_name></wp:author>
	<wp:author><wp:author_id>3</wp:author_id><wp:author_login>raymichael</wp:author_login><wp:author_email>raymichael2014@gmail.com</wp:author_email><wp:author_display_name><![CDATA[Ray Michael]]></wp:author_display_name><wp:author_first_name><![CDATA[Ray]]></wp:author_first_name><wp:author_last_name><![CDATA[Michael]]></wp:author_last_name></wp:author>

	<wp:category><wp:term_id>17</wp:term_id><wp:category_nicename>art</wp:category_nicename><wp:category_parent></wp:category_parent><wp:cat_name><![CDATA[Art]]></wp:cat_name></wp:category>
	<wp:category><wp:term_id>2</wp:term_id><wp:category_nicename>business</wp:category_nicename><wp:category_parent></wp:category_parent><wp:cat_name><![CDATA[Business]]></wp:cat_name></wp:category>
	<wp:category><wp:term_id>39</wp:term_id><wp:category_nicename>design</wp:category_nicename><wp:category_parent></wp:category_parent><wp:cat_name><![CDATA[Design]]></wp:cat_name></wp:category>
	<wp:category><wp:term_id>40</wp:term_id><wp:category_nicename>music</wp:category_nicename><wp:category_parent></wp:category_parent><wp:cat_name><![CDATA[Music]]></wp:cat_name></wp:category>
	<wp:category><wp:term_id>5</wp:term_id><wp:category_nicename>photography</wp:category_nicename><wp:category_parent></wp:category_parent><wp:cat_name><![CDATA[Photography]]></wp:cat_name></wp:category>
	<wp:category><wp:term_id>10</wp:term_id><wp:category_nicename>sport</wp:category_nicename><wp:category_parent></wp:category_parent><wp:cat_name><![CDATA[Sport]]></wp:cat_name></wp:category>
	<wp:category><wp:term_id>1</wp:term_id><wp:category_nicename>uncategorized</wp:category_nicename><wp:category_parent></wp:category_parent><wp:cat_name><![CDATA[Uncategorized]]></wp:cat_name></wp:category>
	<wp:tag><wp:term_id>49</wp:term_id><wp:tag_slug>analysis</wp:tag_slug><wp:tag_name><![CDATA[Analysis]]></wp:tag_name></wp:tag>
	<wp:tag><wp:term_id>17</wp:term_id><wp:tag_slug>art</wp:tag_slug><wp:tag_name><![CDATA[Art]]></wp:tag_name></wp:tag>
	<wp:tag><wp:term_id>48</wp:term_id><wp:tag_slug>articles</wp:tag_slug><wp:tag_name><![CDATA[Articles]]></wp:tag_name></wp:tag>
	<wp:tag><wp:term_id>14</wp:term_id><wp:tag_slug>audio</wp:tag_slug><wp:tag_name><![CDATA[Audio]]></wp:tag_name></wp:tag>
	<wp:tag><wp:term_id>2</wp:term_id><wp:tag_slug>business</wp:tag_slug><wp:tag_name><![CDATA[Business]]></wp:tag_name></wp:tag>
	<wp:tag><wp:term_id>51</wp:term_id><wp:tag_slug>culture</wp:tag_slug><wp:tag_name><![CDATA[Culture]]></wp:tag_name></wp:tag>
	<wp:tag><wp:term_id>16</wp:term_id><wp:tag_slug>development</wp:tag_slug><wp:tag_name><![CDATA[Development]]></wp:tag_name></wp:tag>
	<wp:tag><wp:term_id>55</wp:term_id><wp:tag_slug>ecology</wp:tag_slug><wp:tag_name><![CDATA[Ecology]]></wp:tag_name></wp:tag>
	<wp:tag><wp:term_id>54</wp:term_id><wp:tag_slug>events</wp:tag_slug><wp:tag_name><![CDATA[Events]]></wp:tag_name></wp:tag>
	<wp:tag><wp:term_id>52</wp:term_id><wp:tag_slug>information</wp:tag_slug><wp:tag_name><![CDATA[Information]]></wp:tag_name></wp:tag>
	<wp:tag><wp:term_id>50</wp:term_id><wp:tag_slug>inspiration</wp:tag_slug><wp:tag_name><![CDATA[Inspiration]]></wp:tag_name></wp:tag>
	<wp:tag><wp:term_id>56</wp:term_id><wp:tag_slug>nature</wp:tag_slug><wp:tag_name><![CDATA[Nature]]></wp:tag_name></wp:tag>
	<wp:tag><wp:term_id>7</wp:term_id><wp:tag_slug>opportunities</wp:tag_slug><wp:tag_name><![CDATA[Opportunities]]></wp:tag_name></wp:tag>
	<wp:tag><wp:term_id>57</wp:term_id><wp:tag_slug>science</wp:tag_slug><wp:tag_name><![CDATA[Science]]></wp:tag_name></wp:tag>
	<wp:tag><wp:term_id>10</wp:term_id><wp:tag_slug>sport</wp:tag_slug><wp:tag_name><![CDATA[Sport]]></wp:tag_name></wp:tag>
	<wp:tag><wp:term_id>4</wp:term_id><wp:tag_slug>stress</wp:tag_slug><wp:tag_name><![CDATA[Stress]]></wp:tag_name></wp:tag>
	<wp:tag><wp:term_id>15</wp:term_id><wp:tag_slug>swimming</wp:tag_slug><wp:tag_name><![CDATA[Swimming]]></wp:tag_name></wp:tag>
	<wp:tag><wp:term_id>53</wp:term_id><wp:tag_slug>trends</wp:tag_slug><wp:tag_name><![CDATA[Trends]]></wp:tag_name></wp:tag>
	<wp:tag><wp:term_id>13</wp:term_id><wp:tag_slug>video</wp:tag_slug><wp:tag_name><![CDATA[Video]]></wp:tag_name></wp:tag>
	<wp:tag><wp:term_id>9</wp:term_id><wp:tag_slug>web-design</wp:tag_slug><wp:tag_name><![CDATA[Web Design]]></wp:tag_name></wp:tag>
	<wp:term><wp:term_id>44</wp:term_id><wp:term_taxonomy>carousels_category</wp:term_taxonomy><wp:term_slug>about-long-carousel</wp:term_slug><wp:term_parent></wp:term_parent><wp:term_name><![CDATA[About Us Long Carousel]]></wp:term_name></wp:term>
	<wp:term><wp:term_id>45</wp:term_id><wp:term_taxonomy>slides_category</wp:term_taxonomy><wp:term_slug>about-us-slider</wp:term_slug><wp:term_parent></wp:term_parent><wp:term_name><![CDATA[About Us Slider]]></wp:term_name></wp:term>
	<wp:term><wp:term_id>17</wp:term_id><wp:term_taxonomy>portfolio_category</wp:term_taxonomy><wp:term_slug>art</wp:term_slug><wp:term_parent></wp:term_parent><wp:term_name><![CDATA[Art]]></wp:term_name></wp:term>
	<wp:term><wp:term_id>2</wp:term_id><wp:term_taxonomy>portfolio_category</wp:term_taxonomy><wp:term_slug>business</wp:term_slug><wp:term_parent></wp:term_parent><wp:term_name><![CDATA[Business]]></wp:term_name></wp:term>
	<wp:term><wp:term_id>30</wp:term_id><wp:term_taxonomy>shop_order_status</wp:term_taxonomy><wp:term_slug>cancelled</wp:term_slug><wp:term_parent></wp:term_parent><wp:term_name><![CDATA[cancelled]]></wp:term_name></wp:term>
	<wp:term><wp:term_id>97</wp:term_id><wp:term_taxonomy>product_tag</wp:term_taxonomy><wp:term_slug>case</wp:term_slug><wp:term_parent></wp:term_parent><wp:term_name><![CDATA[Case]]></wp:term_name></wp:term>
	<wp:term><wp:term_id>47</wp:term_id><wp:term_taxonomy>carousels_category</wp:term_taxonomy><wp:term_slug>clients-clean</wp:term_slug><wp:term_parent></wp:term_parent><wp:term_name><![CDATA[Clients Clean]]></wp:term_name></wp:term>
	<wp:term><wp:term_id>28</wp:term_id><wp:term_taxonomy>shop_order_status</wp:term_taxonomy><wp:term_slug>completed</wp:term_slug><wp:term_parent></wp:term_parent><wp:term_name><![CDATA[completed]]></wp:term_name></wp:term>
	<wp:term><wp:term_id>108</wp:term_id><wp:term_taxonomy>product_tag</wp:term_taxonomy><wp:term_slug>cover</wp:term_slug><wp:term_parent></wp:term_parent><wp:term_name><![CDATA[Cover]]></wp:term_name></wp:term>
	<wp:term><wp:term_id>23</wp:term_id><wp:term_taxonomy>product_type</wp:term_taxonomy><wp:term_slug>external</wp:term_slug><wp:term_parent></wp:term_parent><wp:term_name><![CDATA[external]]></wp:term_name></wp:term>
	<wp:term><wp:term_id>25</wp:term_id><wp:term_taxonomy>shop_order_status</wp:term_taxonomy><wp:term_slug>failed</wp:term_slug><wp:term_parent></wp:term_parent><wp:term_name><![CDATA[failed]]></wp:term_name></wp:term>
	<wp:term><wp:term_id>79</wp:term_id><wp:term_taxonomy>slides_category</wp:term_taxonomy><wp:term_slug>full-screen-slider</wp:term_slug><wp:term_parent></wp:term_parent><wp:term_name><![CDATA[Full Screen Slider]]></wp:term_name></wp:term>
	<wp:term><wp:term_id>119</wp:term_id><wp:term_taxonomy>portfolio_category</wp:term_taxonomy><wp:term_slug>full-bodied</wp:term_slug><wp:term_parent></wp:term_parent><wp:term_name><![CDATA[Full-Bodied]]></wp:term_name></wp:term>
	<wp:term><wp:term_id>96</wp:term_id><wp:term_taxonomy>product_tag</wp:term_taxonomy><wp:term_slug>glasses</wp:term_slug><wp:term_parent></wp:term_parent><wp:term_name><![CDATA[Glasses]]></wp:term_name></wp:term>
	<wp:term><wp:term_id>21</wp:term_id><wp:term_taxonomy>product_type</wp:term_taxonomy><wp:term_slug>grouped</wp:term_slug><wp:term_parent></wp:term_parent><wp:term_name><![CDATA[grouped]]></wp:term_name></wp:term>
	<wp:term><wp:term_id>101</wp:term_id><wp:term_taxonomy>product_tag</wp:term_taxonomy><wp:term_slug>handbag</wp:term_slug><wp:term_parent></wp:term_parent><wp:term_name><![CDATA[Handbag]]></wp:term_name></wp:term>
	<wp:term><wp:term_id>42</wp:term_id><wp:term_taxonomy>carousels_category</wp:term_taxonomy><wp:term_slug>home-carousel</wp:term_slug><wp:term_parent></wp:term_parent><wp:term_name><![CDATA[Home Carousel]]></wp:term_name></wp:term>
	<wp:term><wp:term_id>60</wp:term_id><wp:term_taxonomy>carousels_category</wp:term_taxonomy><wp:term_slug>home-carousel-2</wp:term_slug><wp:term_parent></wp:term_parent><wp:term_name><![CDATA[Home Carousel 2]]></wp:term_name></wp:term>
	<wp:term><wp:term_id>113</wp:term_id><wp:term_taxonomy>carousels_category</wp:term_taxonomy><wp:term_slug>home-carousel-3</wp:term_slug><wp:term_parent></wp:term_parent><wp:term_name><![CDATA[Home Carousel 3]]></wp:term_name></wp:term>
	<wp:term><wp:term_id>61</wp:term_id><wp:term_taxonomy>carousels_category</wp:term_taxonomy><wp:term_slug>home-carousel-mini</wp:term_slug><wp:term_parent></wp:term_parent><wp:term_name><![CDATA[Home Carousel Mini]]></wp:term_name></wp:term>
	<wp:term><wp:term_id>41</wp:term_id><wp:term_taxonomy>slides_category</wp:term_taxonomy><wp:term_slug>home-slider</wp:term_slug><wp:term_parent></wp:term_parent><wp:term_name><![CDATA[Home Slider]]></wp:term_name></wp:term>
	<wp:term><wp:term_id>46</wp:term_id><wp:term_taxonomy>slides_category</wp:term_taxonomy><wp:term_slug>home-slider-2</wp:term_slug><wp:term_parent></wp:term_parent><wp:term_name><![CDATA[Home Slider 2]]></wp:term_name></wp:term>
	<wp:term><wp:term_id>94</wp:term_id><wp:term_taxonomy>slides_category</wp:term_taxonomy><wp:term_slug>home-slider-3</wp:term_slug><wp:term_parent></wp:term_parent><wp:term_name><![CDATA[Home Slider 3]]></wp:term_name></wp:term>
	<wp:term><wp:term_id>112</wp:term_id><wp:term_taxonomy>slides_category</wp:term_taxonomy><wp:term_slug>home-slider-4</wp:term_slug><wp:term_parent></wp:term_parent><wp:term_name><![CDATA[Home Slider 4]]></wp:term_name></wp:term>
	<wp:term><wp:term_id>74</wp:term_id><wp:term_taxonomy>product_tag</wp:term_taxonomy><wp:term_slug>iphone</wp:term_slug><wp:term_parent></wp:term_parent><wp:term_name><![CDATA[iPhone]]></wp:term_name></wp:term>
	<wp:term><wp:term_id>63</wp:term_id><wp:term_taxonomy>product_tag</wp:term_taxonomy><wp:term_slug>laptop</wp:term_slug><wp:term_parent></wp:term_parent><wp:term_name><![CDATA[Laptop]]></wp:term_name></wp:term>
	<wp:term><wp:term_id>100</wp:term_id><wp:term_taxonomy>product_tag</wp:term_taxonomy><wp:term_slug>leather</wp:term_slug><wp:term_parent></wp:term_parent><wp:term_name><![CDATA[Leather]]></wp:term_name></wp:term>
	<wp:term><wp:term_id>117</wp:term_id><wp:term_taxonomy>portfolio_category</wp:term_taxonomy><wp:term_slug>light-bodied</wp:term_slug><wp:term_parent></wp:term_parent><wp:term_name><![CDATA[Light-Bodied]]></wp:term_name></wp:term>
	<wp:term><wp:term_id>83</wp:term_id><wp:term_taxonomy>slides_category</wp:term_taxonomy><wp:term_slug>macbook</wp:term_slug><wp:term_parent></wp:term_parent><wp:term_name><![CDATA[Macbook]]></wp:term_name></wp:term>
	<wp:term><wp:term_id>118</wp:term_id><wp:term_taxonomy>portfolio_category</wp:term_taxonomy><wp:term_slug>medium-bodied</wp:term_slug><wp:term_parent></wp:term_parent><wp:term_name><![CDATA[Medium-Bodied]]></wp:term_name></wp:term>
	<wp:term><wp:term_id>33</wp:term_id><wp:term_taxonomy>product_tag</wp:term_taxonomy><wp:term_slug>mountain</wp:term_slug><wp:term_parent></wp:term_parent><wp:term_name><![CDATA[Mountain]]></wp:term_name></wp:term>
	<wp:term><wp:term_id>40</wp:term_id><wp:term_taxonomy>product_tag</wp:term_taxonomy><wp:term_slug>music</wp:term_slug><wp:term_parent></wp:term_parent><wp:term_name><![CDATA[Music]]></wp:term_name></wp:term>
	<wp:term><wp:term_id>26</wp:term_id><wp:term_taxonomy>shop_order_status</wp:term_taxonomy><wp:term_slug>on-hold</wp:term_slug><wp:term_parent></wp:term_parent><wp:term_name><![CDATA[on-hold]]></wp:term_name></wp:term>
	<wp:term><wp:term_id>24</wp:term_id><wp:term_taxonomy>shop_order_status</wp:term_taxonomy><wp:term_slug>pending</wp:term_slug><wp:term_parent></wp:term_parent><wp:term_name><![CDATA[pending]]></wp:term_name></wp:term>
	<wp:term><wp:term_id>5</wp:term_id><wp:term_taxonomy>portfolio_category</wp:term_taxonomy><wp:term_slug>photography</wp:term_slug><wp:term_parent></wp:term_parent><wp:term_name><![CDATA[Photography]]></wp:term_name></wp:term>
	<wp:term><wp:term_id>27</wp:term_id><wp:term_taxonomy>shop_order_status</wp:term_taxonomy><wp:term_slug>processing</wp:term_slug><wp:term_parent></wp:term_parent><wp:term_name><![CDATA[processing]]></wp:term_name></wp:term>
	<wp:term><wp:term_id>64</wp:term_id><wp:term_taxonomy>product_tag</wp:term_taxonomy><wp:term_slug>quad-core</wp:term_slug><wp:term_parent></wp:term_parent><wp:term_name><![CDATA[Quad-Core]]></wp:term_name></wp:term>
	<wp:term><wp:term_id>29</wp:term_id><wp:term_taxonomy>shop_order_status</wp:term_taxonomy><wp:term_slug>refunded</wp:term_slug><wp:term_parent></wp:term_parent><wp:term_name><![CDATA[refunded]]></wp:term_name></wp:term>
	<wp:term><wp:term_id>73</wp:term_id><wp:term_taxonomy>product_tag</wp:term_taxonomy><wp:term_slug>rooter</wp:term_slug><wp:term_parent></wp:term_parent><wp:term_name><![CDATA[Rooter]]></wp:term_name></wp:term>
	<wp:term><wp:term_id>34</wp:term_id><wp:term_taxonomy>product_tag</wp:term_taxonomy><wp:term_slug>running</wp:term_slug><wp:term_parent></wp:term_parent><wp:term_name><![CDATA[Running]]></wp:term_name></wp:term>
	<wp:term><wp:term_id>36</wp:term_id><wp:term_taxonomy>product_tag</wp:term_taxonomy><wp:term_slug>shirt</wp:term_slug><wp:term_parent></wp:term_parent><wp:term_name><![CDATA[Shirt]]></wp:term_name></wp:term>
	<wp:term><wp:term_id>35</wp:term_id><wp:term_taxonomy>product_tag</wp:term_taxonomy><wp:term_slug>shoes</wp:term_slug><wp:term_parent></wp:term_parent><wp:term_name><![CDATA[Shoes]]></wp:term_name></wp:term>
	<wp:term><wp:term_id>20</wp:term_id><wp:term_taxonomy>product_type</wp:term_taxonomy><wp:term_slug>simple</wp:term_slug><wp:term_parent></wp:term_parent><wp:term_name><![CDATA[simple]]></wp:term_name></wp:term>
	<wp:term><wp:term_id>32</wp:term_id><wp:term_taxonomy>product_tag</wp:term_taxonomy><wp:term_slug>ski</wp:term_slug><wp:term_parent></wp:term_parent><wp:term_name><![CDATA[Ski]]></wp:term_name></wp:term>
	<wp:term><wp:term_id>31</wp:term_id><wp:term_taxonomy>product_cat</wp:term_taxonomy><wp:term_slug>skiing</wp:term_slug><wp:term_parent></wp:term_parent><wp:term_name><![CDATA[Skiing]]></wp:term_name></wp:term>
	<wp:term><wp:term_id>105</wp:term_id><wp:term_taxonomy>product_tag</wp:term_taxonomy><wp:term_slug>sleeve</wp:term_slug><wp:term_parent></wp:term_parent><wp:term_name><![CDATA[Sleeve]]></wp:term_name></wp:term>
	<wp:term><wp:term_id>81</wp:term_id><wp:term_taxonomy>slides_category</wp:term_taxonomy><wp:term_slug>slider-photo-first</wp:term_slug><wp:term_parent></wp:term_parent><wp:term_name><![CDATA[Slider Photo First]]></wp:term_name></wp:term>
	<wp:term><wp:term_id>67</wp:term_id><wp:term_taxonomy>product_tag</wp:term_taxonomy><wp:term_slug>smartphone</wp:term_slug><wp:term_parent></wp:term_parent><wp:term_name><![CDATA[Smartphone]]></wp:term_name></wp:term>
	<wp:term><wp:term_id>103</wp:term_id><wp:term_taxonomy>product_tag</wp:term_taxonomy><wp:term_slug>sunglasses</wp:term_slug><wp:term_parent></wp:term_parent><wp:term_name><![CDATA[Sunglasses]]></wp:term_name></wp:term>
	<wp:term><wp:term_id>69</wp:term_id><wp:term_taxonomy>product_tag</wp:term_taxonomy><wp:term_slug>tablet</wp:term_slug><wp:term_parent></wp:term_parent><wp:term_name><![CDATA[Tablet]]></wp:term_name></wp:term>
	<wp:term><wp:term_id>106</wp:term_id><wp:term_taxonomy>product_tag</wp:term_taxonomy><wp:term_slug>travel</wp:term_slug><wp:term_parent></wp:term_parent><wp:term_name><![CDATA[Travel]]></wp:term_name></wp:term>
	<wp:term><wp:term_id>72</wp:term_id><wp:term_taxonomy>product_tag</wp:term_taxonomy><wp:term_slug>tv</wp:term_slug><wp:term_parent></wp:term_parent><wp:term_name><![CDATA[TV]]></wp:term_name></wp:term>
	<wp:term><wp:term_id>99</wp:term_id><wp:term_taxonomy>product_tag</wp:term_taxonomy><wp:term_slug>vanity-case</wp:term_slug><wp:term_parent></wp:term_parent><wp:term_name><![CDATA[Vanity Case]]></wp:term_name></wp:term>
	<wp:term><wp:term_id>22</wp:term_id><wp:term_taxonomy>product_type</wp:term_taxonomy><wp:term_slug>variable</wp:term_slug><wp:term_parent></wp:term_parent><wp:term_name><![CDATA[variable]]></wp:term_name></wp:term>
	<wp:term><wp:term_id>76</wp:term_id><wp:term_taxonomy>slides_category</wp:term_taxonomy><wp:term_slug>video-header</wp:term_slug><wp:term_parent></wp:term_parent><wp:term_name><![CDATA[Video Header]]></wp:term_name></wp:term>
	<wp:term><wp:term_id>102</wp:term_id><wp:term_taxonomy>product_tag</wp:term_taxonomy><wp:term_slug>vintage</wp:term_slug><wp:term_parent></wp:term_parent><wp:term_name><![CDATA[Vintage]]></wp:term_name></wp:term>
	<wp:term><wp:term_id>93</wp:term_id><wp:term_taxonomy>slides_category</wp:term_taxonomy><wp:term_slug>walking</wp:term_slug><wp:term_parent></wp:term_parent><wp:term_name><![CDATA[Walking]]></wp:term_name></wp:term>
	<wp:term><wp:term_id>110</wp:term_id><wp:term_taxonomy>product_tag</wp:term_taxonomy><wp:term_slug>wallet</wp:term_slug><wp:term_parent></wp:term_parent><wp:term_name><![CDATA[Wallet]]></wp:term_name></wp:term>
	<wp:term><wp:term_id>70</wp:term_id><wp:term_taxonomy>product_tag</wp:term_taxonomy><wp:term_slug>watch</wp:term_slug><wp:term_parent></wp:term_parent><wp:term_name><![CDATA[Watch]]></wp:term_name></wp:term>
	<wp:term><wp:term_id>58</wp:term_id><wp:term_taxonomy>testimonials_category</wp:term_taxonomy><wp:term_slug>web-design-2</wp:term_slug><wp:term_parent></wp:term_parent><wp:term_name><![CDATA[web design]]></wp:term_name></wp:term>
	<wp:term><wp:term_id>59</wp:term_id><wp:term_taxonomy>testimonials_category</wp:term_taxonomy><wp:term_slug>web-development</wp:term_slug><wp:term_parent></wp:term_parent><wp:term_name><![CDATA[web development]]></wp:term_name></wp:term>
	<wp:term><wp:term_id>80</wp:term_id><wp:term_taxonomy>slides_category</wp:term_taxonomy><wp:term_slug>white-slider</wp:term_slug><wp:term_parent></wp:term_parent><wp:term_name><![CDATA[White Slider]]></wp:term_name></wp:term>
	<wp:term><wp:term_id>71</wp:term_id><wp:term_taxonomy>product_tag</wp:term_taxonomy><wp:term_slug>wifi</wp:term_slug><wp:term_parent></wp:term_parent><wp:term_name><![CDATA[WiFi]]></wp:term_name></wp:term>
	<wp:term><wp:term_id>116</wp:term_id><wp:term_taxonomy>testimonials_category</wp:term_taxonomy><wp:term_slug>wine</wp:term_slug><wp:term_parent></wp:term_parent><wp:term_name><![CDATA[wine]]></wp:term_name></wp:term>
	<wp:term><wp:term_id>37</wp:term_id><wp:term_taxonomy>product_tag</wp:term_taxonomy><wp:term_slug>workout</wp:term_slug><wp:term_parent></wp:term_parent><wp:term_name><![CDATA[Workout]]></wp:term_name></wp:term>
	<wp:term><wp:term_id>98</wp:term_id><wp:term_taxonomy>product_cat</wp:term_taxonomy><wp:term_slug>bags</wp:term_slug><wp:term_parent></wp:term_parent><wp:term_name><![CDATA[Bags]]></wp:term_name></wp:term>
	<wp:term><wp:term_id>95</wp:term_id><wp:term_taxonomy>product_cat</wp:term_taxonomy><wp:term_slug>cases</wp:term_slug><wp:term_parent></wp:term_parent><wp:term_name><![CDATA[Cases]]></wp:term_name></wp:term>
	<wp:term><wp:term_id>107</wp:term_id><wp:term_taxonomy>product_cat</wp:term_taxonomy><wp:term_slug>covers</wp:term_slug><wp:term_parent></wp:term_parent><wp:term_name><![CDATA[Covers]]></wp:term_name></wp:term>
	<wp:term><wp:term_id>68</wp:term_id><wp:term_taxonomy>product_tag</wp:term_taxonomy><wp:term_slug>headphones</wp:term_slug><wp:term_parent></wp:term_parent><wp:term_name><![CDATA[Headphones]]></wp:term_name></wp:term>
	<wp:term><wp:term_id>62</wp:term_id><wp:term_taxonomy>product_cat</wp:term_taxonomy><wp:term_slug>notebook</wp:term_slug><wp:term_parent></wp:term_parent><wp:term_name><![CDATA[Notebook]]></wp:term_name></wp:term>
	<wp:term><wp:term_id>65</wp:term_id><wp:term_taxonomy>product_cat</wp:term_taxonomy><wp:term_slug>other</wp:term_slug><wp:term_parent></wp:term_parent><wp:term_name><![CDATA[Other]]></wp:term_name></wp:term>
	<wp:term><wp:term_id>66</wp:term_id><wp:term_taxonomy>product_cat</wp:term_taxonomy><wp:term_slug>phones</wp:term_slug><wp:term_parent></wp:term_parent><wp:term_name><![CDATA[Phones]]></wp:term_name></wp:term>
	<wp:term><wp:term_id>104</wp:term_id><wp:term_taxonomy>product_cat</wp:term_taxonomy><wp:term_slug>sleeves</wp:term_slug><wp:term_parent></wp:term_parent><wp:term_name><![CDATA[Sleeves]]></wp:term_name></wp:term>
	<wp:term><wp:term_id>109</wp:term_id><wp:term_taxonomy>product_cat</wp:term_taxonomy><wp:term_slug>wallets</wp:term_slug><wp:term_parent></wp:term_parent><wp:term_name><![CDATA[Wallets]]></wp:term_name></wp:term>
	<wp:term><wp:term_id>77</wp:term_id><wp:term_taxonomy>nav_menu</wp:term_taxonomy><wp:term_slug>top_menu</wp:term_slug><wp:term_name><![CDATA[top_menu]]></wp:term_name></wp:term>
	<wp:term><wp:term_id>111</wp:term_id><wp:term_taxonomy>nav_menu</wp:term_taxonomy><wp:term_slug>top_menu_backup-2014-04-03-423pm</wp:term_slug><wp:term_name><![CDATA[top_menu_backup 2014-04-03 4:23PM]]></wp:term_name></wp:term>
	<wp:term><wp:term_id>114</wp:term_id><wp:term_taxonomy>nav_menu</wp:term_taxonomy><wp:term_slug>top_menu_backup-2014-05-07-217pm</wp:term_slug><wp:term_name><![CDATA[top_menu_backup 2014-05-07 2:17PM]]></wp:term_name></wp:term>
	<wp:term><wp:term_id>115</wp:term_id><wp:term_taxonomy>nav_menu</wp:term_taxonomy><wp:term_slug>top_menu_backup-2014-05-15-902am</wp:term_slug><wp:term_name><![CDATA[top_menu_backup 2014-05-15 9:02AM]]></wp:term_name></wp:term>

	<generator>http://wordpress.org/?v=3.8.3</generator>

	
	<item>
				<title>basement</title>
		<link>http://demo.qodeinteractive.com/bridge13/?attachment_id=15917</link>
		<pubDate>Tue, 10 Jun 2014 12:18:59 +0000</pubDate>
		<dc:creator><![CDATA[admin]]></dc:creator>
		<guid isPermaLink="false">http://demo.qodeinteractive.com/bridge13/wp-content/uploads/2014/06/basement.jpg</guid>
		<description></description>
		<content:encoded><![CDATA[]]></content:encoded>
		<excerpt:encoded><![CDATA[]]></excerpt:encoded>
		<wp:post_id>15917</wp:post_id>
		<wp:post_date>2014-06-10 12:18:59</wp:post_date>
		<wp:post_date_gmt>2014-06-10 12:18:59</wp:post_date_gmt>
		<wp:comment_status>open</wp:comment_status>
		<wp:ping_status>open</wp:ping_status>
		<wp:post_name>basement</wp:post_name>
		<wp:status>inherit</wp:status>
		<wp:post_parent>0</wp:post_parent>
		<wp:menu_order>0</wp:menu_order>
		<wp:post_type>attachment</wp:post_type>
		<wp:post_password></wp:post_password>
		<wp:is_sticky>0</wp:is_sticky>
		<wp:attachment_url>http://demo.qodeinteractive.com/bridge13/wp-content/uploads/2014/06/basement.jpg</wp:attachment_url>
		<wp:postmeta>
			<wp:meta_key>_wp_attached_file</wp:meta_key>
			<wp:meta_value><![CDATA[2014/06/basement.jpg]]></wp:meta_value>
		</wp:postmeta>
		<wp:postmeta>
			<wp:meta_key>_wp_attachment_metadata</wp:meta_key>
			<wp:meta_value><![CDATA[a:5:{s:5:"width";i:1096;s:6:"height";i:389;s:4:"file";s:20:"2014/06/basement.jpg";s:5:"sizes";a:15:{s:9:"thumbnail";a:4:{s:4:"file";s:20:"basement-150x150.jpg";s:5:"width";i:150;s:6:"height";i:150;s:9:"mime-type";s:10:"image/jpeg";}s:6:"medium";a:4:{s:4:"file";s:20:"basement-300x106.jpg";s:5:"width";i:300;s:6:"height";i:106;s:9:"mime-type";s:10:"image/jpeg";}s:5:"large";a:4:{s:4:"file";s:21:"basement-1024x363.jpg";s:5:"width";i:1024;s:6:"height";i:363;s:9:"mime-type";s:10:"image/jpeg";}s:16:"portfolio-square";a:4:{s:4:"file";s:20:"basement-570x389.jpg";s:5:"width";i:570;s:6:"height";i:389;s:9:"mime-type";s:10:"image/jpeg";}s:18:"menu-featured-post";a:4:{s:4:"file";s:20:"basement-345x198.jpg";s:5:"width";i:345;s:6:"height";i:198;s:9:"mime-type";s:10:"image/jpeg";}s:20:"qode-carousel_slider";a:4:{s:4:"file";s:20:"basement-400x260.jpg";s:5:"width";i:400;s:6:"height";i:260;s:9:"mime-type";s:10:"image/jpeg";}s:16:"portfolio_slider";a:4:{s:4:"file";s:20:"basement-480x320.jpg";s:5:"width";i:480;s:6:"height";i:320;s:9:"mime-type";s:10:"image/jpeg";}s:25:"portfolio_masonry_regular";a:4:{s:4:"file";s:20:"basement-500x389.jpg";s:5:"width";i:500;s:6:"height";i:389;s:9:"mime-type";s:10:"image/jpeg";}s:22:"portfolio_masonry_wide";a:4:{s:4:"file";s:21:"basement-1000x389.jpg";s:5:"width";i:1000;s:6:"height";i:389;s:9:"mime-type";s:10:"image/jpeg";}s:22:"portfolio_masonry_tall";a:4:{s:4:"file";s:20:"basement-500x389.jpg";s:5:"width";i:500;s:6:"height";i:389;s:9:"mime-type";s:10:"image/jpeg";}s:23:"portfolio_masonry_large";a:4:{s:4:"file";s:21:"basement-1000x389.jpg";s:5:"width";i:1000;s:6:"height";i:389;s:9:"mime-type";s:10:"image/jpeg";}s:17:"latest_post_boxes";a:4:{s:4:"file";s:20:"basement-539x303.jpg";s:5:"width";i:539;s:6:"height";i:303;s:9:"mime-type";s:10:"image/jpeg";}s:14:"shop_thumbnail";a:4:{s:4:"file";s:19:"basement-170x60.jpg";s:5:"width";i:170;s:6:"height";i:60;s:9:"mime-type";s:10:"image/jpeg";}s:12:"shop_catalog";a:4:{s:4:"file";s:20:"basement-300x106.jpg";s:5:"width";i:300;s:6:"height";i:106;s:9:"mime-type";s:10:"image/jpeg";}s:11:"shop_single";a:4:{s:4:"file";s:20:"basement-540x191.jpg";s:5:"width";i:540;s:6:"height";i:191;s:9:"mime-type";s:10:"image/jpeg";}}s:10:"image_meta";a:10:{s:8:"aperture";i:0;s:6:"credit";s:0:"";s:6:"camera";s:0:"";s:7:"caption";s:0:"";s:17:"created_timestamp";i:0;s:9:"copyright";s:0:"";s:12:"focal_length";i:0;s:3:"iso";i:0;s:13:"shutter_speed";i:0;s:5:"title";s:0:"";}}]]></wp:meta_value>
		</wp:postmeta>
		<wp:postmeta>
			<wp:meta_key>_wp_attachment_image_alt</wp:meta_key>
			<wp:meta_value><![CDATA[q]]></wp:meta_value>
		</wp:postmeta>
	</item>

	<item>
				<title>signature</title>
		<link>http://demo.qodeinteractive.com/bridge13/?attachment_id=15918</link>
		<pubDate>Tue, 10 Jun 2014 12:22:03 +0000</pubDate>
		<dc:creator><![CDATA[admin]]></dc:creator>
		<guid isPermaLink="false">http://demo.qodeinteractive.com/bridge13/wp-content/uploads/2014/06/signature.png</guid>
		<description></description>
		<content:encoded><![CDATA[]]></content:encoded>
		<excerpt:encoded><![CDATA[]]></excerpt:encoded>
		<wp:post_id>15918</wp:post_id>
		<wp:post_date>2014-06-10 12:22:03</wp:post_date>
		<wp:post_date_gmt>2014-06-10 12:22:03</wp:post_date_gmt>
		<wp:comment_status>open</wp:comment_status>
		<wp:ping_status>open</wp:ping_status>
		<wp:post_name>signature</wp:post_name>
		<wp:status>inherit</wp:status>
		<wp:post_parent>0</wp:post_parent>
		<wp:menu_order>0</wp:menu_order>
		<wp:post_type>attachment</wp:post_type>
		<wp:post_password></wp:post_password>
		<wp:is_sticky>0</wp:is_sticky>
		<wp:attachment_url>http://demo.qodeinteractive.com/bridge13/wp-content/uploads/2014/06/signature.png</wp:attachment_url>
		<wp:postmeta>
			<wp:meta_key>_wp_attached_file</wp:meta_key>
			<wp:meta_value><![CDATA[2014/06/signature.png]]></wp:meta_value>
		</wp:postmeta>
		<wp:postmeta>
			<wp:meta_key>_wp_attachment_metadata</wp:meta_key>
			<wp:meta_value><![CDATA[a:5:{s:5:"width";i:513;s:6:"height";i:193;s:4:"file";s:21:"2014/06/signature.png";s:5:"sizes";a:9:{s:9:"thumbnail";a:4:{s:4:"file";s:21:"signature-150x150.png";s:5:"width";i:150;s:6:"height";i:150;s:9:"mime-type";s:9:"image/png";}s:6:"medium";a:4:{s:4:"file";s:21:"signature-300x112.png";s:5:"width";i:300;s:6:"height";i:112;s:9:"mime-type";s:9:"image/png";}s:18:"menu-featured-post";a:4:{s:4:"file";s:21:"signature-345x193.png";s:5:"width";i:345;s:6:"height";i:193;s:9:"mime-type";s:9:"image/png";}s:20:"qode-carousel_slider";a:4:{s:4:"file";s:21:"signature-400x193.png";s:5:"width";i:400;s:6:"height";i:193;s:9:"mime-type";s:9:"image/png";}s:16:"portfolio_slider";a:4:{s:4:"file";s:21:"signature-480x193.png";s:5:"width";i:480;s:6:"height";i:193;s:9:"mime-type";s:9:"image/png";}s:25:"portfolio_masonry_regular";a:4:{s:4:"file";s:21:"signature-500x193.png";s:5:"width";i:500;s:6:"height";i:193;s:9:"mime-type";s:9:"image/png";}s:22:"portfolio_masonry_tall";a:4:{s:4:"file";s:21:"signature-500x193.png";s:5:"width";i:500;s:6:"height";i:193;s:9:"mime-type";s:9:"image/png";}s:14:"shop_thumbnail";a:4:{s:4:"file";s:20:"signature-170x63.png";s:5:"width";i:170;s:6:"height";i:63;s:9:"mime-type";s:9:"image/png";}s:12:"shop_catalog";a:4:{s:4:"file";s:21:"signature-300x112.png";s:5:"width";i:300;s:6:"height";i:112;s:9:"mime-type";s:9:"image/png";}}s:10:"image_meta";a:10:{s:8:"aperture";i:0;s:6:"credit";s:0:"";s:6:"camera";s:0:"";s:7:"caption";s:0:"";s:17:"created_timestamp";i:0;s:9:"copyright";s:0:"";s:12:"focal_length";i:0;s:3:"iso";i:0;s:13:"shutter_speed";i:0;s:5:"title";s:0:"";}}]]></wp:meta_value>
		</wp:postmeta>
		<wp:postmeta>
			<wp:meta_key>_wp_attachment_image_alt</wp:meta_key>
			<wp:meta_value><![CDATA[q]]></wp:meta_value>
		</wp:postmeta>
	</item>

	<item>
				<title>aboutslider_separator</title>
		<link>http://demo.qodeinteractive.com/bridge13/?attachment_id=15919</link>
		<pubDate>Tue, 10 Jun 2014 12:24:21 +0000</pubDate>
		<dc:creator><![CDATA[admin]]></dc:creator>
		<guid isPermaLink="false">http://demo.qodeinteractive.com/bridge13/wp-content/uploads/2014/06/aboutslider_separator.png</guid>
		<description></description>
		<content:encoded><![CDATA[]]></content:encoded>
		<excerpt:encoded><![CDATA[]]></excerpt:encoded>
		<wp:post_id>15919</wp:post_id>
		<wp:post_date>2014-06-10 12:24:21</wp:post_date>
		<wp:post_date_gmt>2014-06-10 12:24:21</wp:post_date_gmt>
		<wp:comment_status>open</wp:comment_status>
		<wp:ping_status>open</wp:ping_status>
		<wp:post_name>aboutslider_separator</wp:post_name>
		<wp:status>inherit</wp:status>
		<wp:post_parent>0</wp:post_parent>
		<wp:menu_order>0</wp:menu_order>
		<wp:post_type>attachment</wp:post_type>
		<wp:post_password></wp:post_password>
		<wp:is_sticky>0</wp:is_sticky>
		<wp:attachment_url>http://demo.qodeinteractive.com/bridge13/wp-content/uploads/2014/06/aboutslider_separator.png</wp:attachment_url>
		<wp:postmeta>
			<wp:meta_key>_wp_attached_file</wp:meta_key>
			<wp:meta_value><![CDATA[2014/06/aboutslider_separator.png]]></wp:meta_value>
		</wp:postmeta>
		<wp:postmeta>
			<wp:meta_key>_wp_attachment_metadata</wp:meta_key>
			<wp:meta_value><![CDATA[a:5:{s:5:"width";i:83;s:6:"height";i:2;s:4:"file";s:33:"2014/06/aboutslider_separator.png";s:5:"sizes";a:0:{}s:10:"image_meta";a:10:{s:8:"aperture";i:0;s:6:"credit";s:0:"";s:6:"camera";s:0:"";s:7:"caption";s:0:"";s:17:"created_timestamp";i:0;s:9:"copyright";s:0:"";s:12:"focal_length";i:0;s:3:"iso";i:0;s:13:"shutter_speed";i:0;s:5:"title";s:0:"";}}]]></wp:meta_value>
		</wp:postmeta>
		<wp:postmeta>
			<wp:meta_key>_wp_attachment_image_alt</wp:meta_key>
			<wp:meta_value><![CDATA[q]]></wp:meta_value>
		</wp:postmeta>
	</item>

	<item>
				<title>glass</title>
		<link>http://demo.qodeinteractive.com/bridge13/about-the-winery/glass/</link>
		<pubDate>Tue, 10 Jun 2014 12:59:40 +0000</pubDate>
		<dc:creator><![CDATA[admin]]></dc:creator>
		<guid isPermaLink="false">http://demo.qodeinteractive.com/bridge13/wp-content/uploads/2014/06/glass.jpg</guid>
		<description></description>
		<content:encoded><![CDATA[]]></content:encoded>
		<excerpt:encoded><![CDATA[]]></excerpt:encoded>
		<wp:post_id>15926</wp:post_id>
		<wp:post_date>2014-06-10 12:59:40</wp:post_date>
		<wp:post_date_gmt>2014-06-10 12:59:40</wp:post_date_gmt>
		<wp:comment_status>open</wp:comment_status>
		<wp:ping_status>open</wp:ping_status>
		<wp:post_name>glass</wp:post_name>
		<wp:status>inherit</wp:status>
		<wp:post_parent>15893</wp:post_parent>
		<wp:menu_order>0</wp:menu_order>
		<wp:post_type>attachment</wp:post_type>
		<wp:post_password></wp:post_password>
		<wp:is_sticky>0</wp:is_sticky>
		<wp:attachment_url>http://demo.qodeinteractive.com/bridge13/wp-content/uploads/2014/06/glass.jpg</wp:attachment_url>
		<wp:postmeta>
			<wp:meta_key>_wp_attached_file</wp:meta_key>
			<wp:meta_value><![CDATA[2014/06/glass.jpg]]></wp:meta_value>
		</wp:postmeta>
		<wp:postmeta>
			<wp:meta_key>_wp_attachment_metadata</wp:meta_key>
			<wp:meta_value><![CDATA[a:5:{s:5:"width";i:537;s:6:"height";i:285;s:4:"file";s:17:"2014/06/glass.jpg";s:5:"sizes";a:9:{s:9:"thumbnail";a:4:{s:4:"file";s:17:"glass-150x150.jpg";s:5:"width";i:150;s:6:"height";i:150;s:9:"mime-type";s:10:"image/jpeg";}s:6:"medium";a:4:{s:4:"file";s:17:"glass-300x159.jpg";s:5:"width";i:300;s:6:"height";i:159;s:9:"mime-type";s:10:"image/jpeg";}s:18:"menu-featured-post";a:4:{s:4:"file";s:17:"glass-345x198.jpg";s:5:"width";i:345;s:6:"height";i:198;s:9:"mime-type";s:10:"image/jpeg";}s:20:"qode-carousel_slider";a:4:{s:4:"file";s:17:"glass-400x260.jpg";s:5:"width";i:400;s:6:"height";i:260;s:9:"mime-type";s:10:"image/jpeg";}s:16:"portfolio_slider";a:4:{s:4:"file";s:17:"glass-480x285.jpg";s:5:"width";i:480;s:6:"height";i:285;s:9:"mime-type";s:10:"image/jpeg";}s:25:"portfolio_masonry_regular";a:4:{s:4:"file";s:17:"glass-500x285.jpg";s:5:"width";i:500;s:6:"height";i:285;s:9:"mime-type";s:10:"image/jpeg";}s:22:"portfolio_masonry_tall";a:4:{s:4:"file";s:17:"glass-500x285.jpg";s:5:"width";i:500;s:6:"height";i:285;s:9:"mime-type";s:10:"image/jpeg";}s:14:"shop_thumbnail";a:4:{s:4:"file";s:16:"glass-170x90.jpg";s:5:"width";i:170;s:6:"height";i:90;s:9:"mime-type";s:10:"image/jpeg";}s:12:"shop_catalog";a:4:{s:4:"file";s:17:"glass-300x159.jpg";s:5:"width";i:300;s:6:"height";i:159;s:9:"mime-type";s:10:"image/jpeg";}}s:10:"image_meta";a:10:{s:8:"aperture";i:0;s:6:"credit";s:0:"";s:6:"camera";s:0:"";s:7:"caption";s:0:"";s:17:"created_timestamp";i:0;s:9:"copyright";s:0:"";s:12:"focal_length";i:0;s:3:"iso";i:0;s:13:"shutter_speed";i:0;s:5:"title";s:0:"";}}]]></wp:meta_value>
		</wp:postmeta>
		<wp:postmeta>
			<wp:meta_key>_wp_attachment_image_alt</wp:meta_key>
			<wp:meta_value><![CDATA[q]]></wp:meta_value>
		</wp:postmeta>
	</item>

	<item>
				<title>grapes</title>
		<link>http://demo.qodeinteractive.com/bridge13/about-the-winery/grapes/</link>
		<pubDate>Tue, 10 Jun 2014 12:59:58 +0000</pubDate>
		<dc:creator><![CDATA[admin]]></dc:creator>
		<guid isPermaLink="false">http://demo.qodeinteractive.com/bridge13/wp-content/uploads/2014/06/grapes.jpg</guid>
		<description></description>
		<content:encoded><![CDATA[]]></content:encoded>
		<excerpt:encoded><![CDATA[]]></excerpt:encoded>
		<wp:post_id>15927</wp:post_id>
		<wp:post_date>2014-06-10 12:59:58</wp:post_date>
		<wp:post_date_gmt>2014-06-10 12:59:58</wp:post_date_gmt>
		<wp:comment_status>open</wp:comment_status>
		<wp:ping_status>open</wp:ping_status>
		<wp:post_name>grapes</wp:post_name>
		<wp:status>inherit</wp:status>
		<wp:post_parent>15893</wp:post_parent>
		<wp:menu_order>0</wp:menu_order>
		<wp:post_type>attachment</wp:post_type>
		<wp:post_password></wp:post_password>
		<wp:is_sticky>0</wp:is_sticky>
		<wp:attachment_url>http://demo.qodeinteractive.com/bridge13/wp-content/uploads/2014/06/grapes.jpg</wp:attachment_url>
		<wp:postmeta>
			<wp:meta_key>_wp_attached_file</wp:meta_key>
			<wp:meta_value><![CDATA[2014/06/grapes.jpg]]></wp:meta_value>
		</wp:postmeta>
		<wp:postmeta>
			<wp:meta_key>_wp_attachment_metadata</wp:meta_key>
			<wp:meta_value><![CDATA[a:5:{s:5:"width";i:537;s:6:"height";i:285;s:4:"file";s:18:"2014/06/grapes.jpg";s:5:"sizes";a:9:{s:9:"thumbnail";a:4:{s:4:"file";s:18:"grapes-150x150.jpg";s:5:"width";i:150;s:6:"height";i:150;s:9:"mime-type";s:10:"image/jpeg";}s:6:"medium";a:4:{s:4:"file";s:18:"grapes-300x159.jpg";s:5:"width";i:300;s:6:"height";i:159;s:9:"mime-type";s:10:"image/jpeg";}s:18:"menu-featured-post";a:4:{s:4:"file";s:18:"grapes-345x198.jpg";s:5:"width";i:345;s:6:"height";i:198;s:9:"mime-type";s:10:"image/jpeg";}s:20:"qode-carousel_slider";a:4:{s:4:"file";s:18:"grapes-400x260.jpg";s:5:"width";i:400;s:6:"height";i:260;s:9:"mime-type";s:10:"image/jpeg";}s:16:"portfolio_slider";a:4:{s:4:"file";s:18:"grapes-480x285.jpg";s:5:"width";i:480;s:6:"height";i:285;s:9:"mime-type";s:10:"image/jpeg";}s:25:"portfolio_masonry_regular";a:4:{s:4:"file";s:18:"grapes-500x285.jpg";s:5:"width";i:500;s:6:"height";i:285;s:9:"mime-type";s:10:"image/jpeg";}s:22:"portfolio_masonry_tall";a:4:{s:4:"file";s:18:"grapes-500x285.jpg";s:5:"width";i:500;s:6:"height";i:285;s:9:"mime-type";s:10:"image/jpeg";}s:14:"shop_thumbnail";a:4:{s:4:"file";s:17:"grapes-170x90.jpg";s:5:"width";i:170;s:6:"height";i:90;s:9:"mime-type";s:10:"image/jpeg";}s:12:"shop_catalog";a:4:{s:4:"file";s:18:"grapes-300x159.jpg";s:5:"width";i:300;s:6:"height";i:159;s:9:"mime-type";s:10:"image/jpeg";}}s:10:"image_meta";a:10:{s:8:"aperture";i:0;s:6:"credit";s:0:"";s:6:"camera";s:0:"";s:7:"caption";s:0:"";s:17:"created_timestamp";i:0;s:9:"copyright";s:0:"";s:12:"focal_length";i:0;s:3:"iso";i:0;s:13:"shutter_speed";i:0;s:5:"title";s:0:"";}}]]></wp:meta_value>
		</wp:postmeta>
		<wp:postmeta>
			<wp:meta_key>_wp_attachment_image_alt</wp:meta_key>
			<wp:meta_value><![CDATA[q]]></wp:meta_value>
		</wp:postmeta>
	</item>

	<item>
				<title>drawing_02b</title>
		<link>http://demo.qodeinteractive.com/bridge13/home/drawing_02b/</link>
		<pubDate>Wed, 11 Jun 2014 09:25:36 +0000</pubDate>
		<dc:creator><![CDATA[admin]]></dc:creator>
		<guid isPermaLink="false">http://demo.qodeinteractive.com/bridge13/wp-content/uploads/2014/04/drawing_02b.jpg</guid>
		<description></description>
		<content:encoded><![CDATA[]]></content:encoded>
		<excerpt:encoded><![CDATA[]]></excerpt:encoded>
		<wp:post_id>15959</wp:post_id>
		<wp:post_date>2014-06-11 09:25:36</wp:post_date>
		<wp:post_date_gmt>2014-06-11 09:25:36</wp:post_date_gmt>
		<wp:comment_status>open</wp:comment_status>
		<wp:ping_status>open</wp:ping_status>
		<wp:post_name>drawing_02b</wp:post_name>
		<wp:status>inherit</wp:status>
		<wp:post_parent>15234</wp:post_parent>
		<wp:menu_order>0</wp:menu_order>
		<wp:post_type>attachment</wp:post_type>
		<wp:post_password></wp:post_password>
		<wp:is_sticky>0</wp:is_sticky>
		<wp:attachment_url>http://demo.qodeinteractive.com/bridge13/wp-content/uploads/2014/04/drawing_02b.jpg</wp:attachment_url>
		<wp:postmeta>
			<wp:meta_key>_wp_attached_file</wp:meta_key>
			<wp:meta_value><![CDATA[2014/04/drawing_02b.jpg]]></wp:meta_value>
		</wp:postmeta>
		<wp:postmeta>
			<wp:meta_key>_wp_attachment_metadata</wp:meta_key>
			<wp:meta_value><![CDATA[a:5:{s:5:"width";i:249;s:6:"height";i:184;s:4:"file";s:23:"2014/04/drawing_02b.jpg";s:5:"sizes";a:2:{s:9:"thumbnail";a:4:{s:4:"file";s:23:"drawing_02b-150x150.jpg";s:5:"width";i:150;s:6:"height";i:150;s:9:"mime-type";s:10:"image/jpeg";}s:14:"shop_thumbnail";a:4:{s:4:"file";s:23:"drawing_02b-170x125.jpg";s:5:"width";i:170;s:6:"height";i:125;s:9:"mime-type";s:10:"image/jpeg";}}s:10:"image_meta";a:10:{s:8:"aperture";i:0;s:6:"credit";s:0:"";s:6:"camera";s:0:"";s:7:"caption";s:0:"";s:17:"created_timestamp";i:0;s:9:"copyright";s:0:"";s:12:"focal_length";i:0;s:3:"iso";i:0;s:13:"shutter_speed";i:0;s:5:"title";s:0:"";}}]]></wp:meta_value>
		</wp:postmeta>
		<wp:postmeta>
			<wp:meta_key>_wp_attachment_image_alt</wp:meta_key>
			<wp:meta_value><![CDATA[q]]></wp:meta_value>
		</wp:postmeta>
	</item>

	<item>
				<title>logo_dummy</title>
		<link>http://demo.qodeinteractive.com/bridge13/?attachment_id=16006</link>
		<pubDate>Wed, 11 Jun 2014 14:12:45 +0000</pubDate>
		<dc:creator><![CDATA[admin]]></dc:creator>
		<guid isPermaLink="false">http://demo.qodeinteractive.com/bridge13/wp-content/uploads/2014/06/logo_dummy1.png</guid>
		<description></description>
		<content:encoded><![CDATA[]]></content:encoded>
		<excerpt:encoded><![CDATA[]]></excerpt:encoded>
		<wp:post_id>16006</wp:post_id>
		<wp:post_date>2014-06-11 14:12:45</wp:post_date>
		<wp:post_date_gmt>2014-06-11 14:12:45</wp:post_date_gmt>
		<wp:comment_status>open</wp:comment_status>
		<wp:ping_status>open</wp:ping_status>
		<wp:post_name>logo_dummy-2</wp:post_name>
		<wp:status>inherit</wp:status>
		<wp:post_parent>0</wp:post_parent>
		<wp:menu_order>0</wp:menu_order>
		<wp:post_type>attachment</wp:post_type>
		<wp:post_password></wp:post_password>
		<wp:is_sticky>0</wp:is_sticky>
		<wp:attachment_url>http://demo.qodeinteractive.com/bridge13/wp-content/uploads/2014/06/logo_dummy1.png</wp:attachment_url>
		<wp:postmeta>
			<wp:meta_key>_wp_attached_file</wp:meta_key>
			<wp:meta_value><![CDATA[2014/06/logo_dummy1.png]]></wp:meta_value>
		</wp:postmeta>
		<wp:postmeta>
			<wp:meta_key>_wp_attachment_metadata</wp:meta_key>
			<wp:meta_value><![CDATA[a:5:{s:5:"width";i:124;s:6:"height";i:124;s:4:"file";s:23:"2014/06/logo_dummy1.png";s:5:"sizes";a:0:{}s:10:"image_meta";a:10:{s:8:"aperture";i:0;s:6:"credit";s:0:"";s:6:"camera";s:0:"";s:7:"caption";s:0:"";s:17:"created_timestamp";i:0;s:9:"copyright";s:0:"";s:12:"focal_length";i:0;s:3:"iso";i:0;s:13:"shutter_speed";i:0;s:5:"title";s:0:"";}}]]></wp:meta_value>
		</wp:postmeta>
		<wp:postmeta>
			<wp:meta_key>_wp_attachment_image_alt</wp:meta_key>
			<wp:meta_value><![CDATA[q]]></wp:meta_value>
		</wp:postmeta>
	</item>

	<item>
				<title>Bridge_Business</title>
		<link>http://demo.qodeinteractive.com/bridge13/?attachment_id=16007</link>
		<pubDate>Wed, 11 Jun 2014 14:57:48 +0000</pubDate>
		<dc:creator><![CDATA[admin]]></dc:creator>
		<guid isPermaLink="false">http://demo.qodeinteractive.com/bridge13/wp-content/uploads/2014/06/Bridge_Business.jpg</guid>
		<description></description>
		<content:encoded><![CDATA[]]></content:encoded>
		<excerpt:encoded><![CDATA[]]></excerpt:encoded>
		<wp:post_id>16007</wp:post_id>
		<wp:post_date>2014-06-11 14:57:48</wp:post_date>
		<wp:post_date_gmt>2014-06-11 14:57:48</wp:post_date_gmt>
		<wp:comment_status>open</wp:comment_status>
		<wp:ping_status>open</wp:ping_status>
		<wp:post_name>bridge_business</wp:post_name>
		<wp:status>inherit</wp:status>
		<wp:post_parent>0</wp:post_parent>
		<wp:menu_order>0</wp:menu_order>
		<wp:post_type>attachment</wp:post_type>
		<wp:post_password></wp:post_password>
		<wp:is_sticky>0</wp:is_sticky>
		<wp:attachment_url>http://demo.qodeinteractive.com/bridge13/wp-content/uploads/2014/06/Bridge_Business.jpg</wp:attachment_url>
		<wp:postmeta>
			<wp:meta_key>_wp_attached_file</wp:meta_key>
			<wp:meta_value><![CDATA[2014/06/Bridge_Business.jpg]]></wp:meta_value>
		</wp:postmeta>
		<wp:postmeta>
			<wp:meta_key>_wp_attachment_metadata</wp:meta_key>
			<wp:meta_value><![CDATA[a:5:{s:5:"width";i:280;s:6:"height";i:177;s:4:"file";s:27:"2014/06/Bridge_Business.jpg";s:5:"sizes";a:2:{s:9:"thumbnail";a:4:{s:4:"file";s:27:"Bridge_Business-150x150.jpg";s:5:"width";i:150;s:6:"height";i:150;s:9:"mime-type";s:10:"image/jpeg";}s:14:"shop_thumbnail";a:4:{s:4:"file";s:27:"Bridge_Business-170x107.jpg";s:5:"width";i:170;s:6:"height";i:107;s:9:"mime-type";s:10:"image/jpeg";}}s:10:"image_meta";a:10:{s:8:"aperture";i:0;s:6:"credit";s:0:"";s:6:"camera";s:0:"";s:7:"caption";s:0:"";s:17:"created_timestamp";i:0;s:9:"copyright";s:0:"";s:12:"focal_length";i:0;s:3:"iso";i:0;s:13:"shutter_speed";i:0;s:5:"title";s:0:"";}}]]></wp:meta_value>
		</wp:postmeta>
		<wp:postmeta>
			<wp:meta_key>_wp_attachment_image_alt</wp:meta_key>
			<wp:meta_value><![CDATA[q]]></wp:meta_value>
		</wp:postmeta>
		<wp:postmeta>
			<wp:meta_key>_edit_last</wp:meta_key>
			<wp:meta_value><![CDATA[1]]></wp:meta_value>
		</wp:postmeta>
	</item>

	<item>
				<title>Bridge_Single_Page_DropDown</title>
		<link>http://demo.qodeinteractive.com/bridge13/?attachment_id=16010</link>
		<pubDate>Thu, 12 Jun 2014 08:49:07 +0000</pubDate>
		<dc:creator><![CDATA[admin]]></dc:creator>
		<guid isPermaLink="false">http://demo.qodeinteractive.com/bridge13/wp-content/uploads/2014/06/Bridge_Single_Page_DropDown.jpg</guid>
		<description></description>
		<content:encoded><![CDATA[]]></content:encoded>
		<excerpt:encoded><![CDATA[]]></excerpt:encoded>
		<wp:post_id>16010</wp:post_id>
		<wp:post_date>2014-06-12 08:49:07</wp:post_date>
		<wp:post_date_gmt>2014-06-12 08:49:07</wp:post_date_gmt>
		<wp:comment_status>open</wp:comment_status>
		<wp:ping_status>open</wp:ping_status>
		<wp:post_name>bridge_single_page_dropdown</wp:post_name>
		<wp:status>inherit</wp:status>
		<wp:post_parent>0</wp:post_parent>
		<wp:menu_order>0</wp:menu_order>
		<wp:post_type>attachment</wp:post_type>
		<wp:post_password></wp:post_password>
		<wp:is_sticky>0</wp:is_sticky>
		<wp:attachment_url>http://demo.qodeinteractive.com/bridge13/wp-content/uploads/2014/06/Bridge_Single_Page_DropDown.jpg</wp:attachment_url>
		<wp:postmeta>
			<wp:meta_key>_wp_attached_file</wp:meta_key>
			<wp:meta_value><![CDATA[2014/06/Bridge_Single_Page_DropDown.jpg]]></wp:meta_value>
		</wp:postmeta>
		<wp:postmeta>
			<wp:meta_key>_wp_attachment_metadata</wp:meta_key>
			<wp:meta_value><![CDATA[a:5:{s:5:"width";i:280;s:6:"height";i:177;s:4:"file";s:39:"2014/06/Bridge_Single_Page_DropDown.jpg";s:5:"sizes";a:2:{s:9:"thumbnail";a:4:{s:4:"file";s:39:"Bridge_Single_Page_DropDown-150x150.jpg";s:5:"width";i:150;s:6:"height";i:150;s:9:"mime-type";s:10:"image/jpeg";}s:14:"shop_thumbnail";a:4:{s:4:"file";s:39:"Bridge_Single_Page_DropDown-170x107.jpg";s:5:"width";i:170;s:6:"height";i:107;s:9:"mime-type";s:10:"image/jpeg";}}s:10:"image_meta";a:10:{s:8:"aperture";i:0;s:6:"credit";s:0:"";s:6:"camera";s:0:"";s:7:"caption";s:0:"";s:17:"created_timestamp";i:0;s:9:"copyright";s:0:"";s:12:"focal_length";i:0;s:3:"iso";i:0;s:13:"shutter_speed";i:0;s:5:"title";s:0:"";}}]]></wp:meta_value>
		</wp:postmeta>
		<wp:postmeta>
			<wp:meta_key>_wp_attachment_image_alt</wp:meta_key>
			<wp:meta_value><![CDATA[q]]></wp:meta_value>
		</wp:postmeta>
		<wp:postmeta>
			<wp:meta_key>_edit_last</wp:meta_key>
			<wp:meta_value><![CDATA[1]]></wp:meta_value>
		</wp:postmeta>
	</item>

	<item>
				<title>Bridge_Restaurant_DropDown</title>
		<link>http://demo.qodeinteractive.com/bridge13/?attachment_id=16013</link>
		<pubDate>Mon, 16 Jun 2014 08:33:46 +0000</pubDate>
		<dc:creator><![CDATA[admin]]></dc:creator>
		<guid isPermaLink="false">http://demo.qodeinteractive.com/bridge13/wp-content/uploads/2014/06/Bridge_Restaurant_DropDown.jpg</guid>
		<description></description>
		<content:encoded><![CDATA[]]></content:encoded>
		<excerpt:encoded><![CDATA[]]></excerpt:encoded>
		<wp:post_id>16013</wp:post_id>
		<wp:post_date>2014-06-16 08:33:46</wp:post_date>
		<wp:post_date_gmt>2014-06-16 08:33:46</wp:post_date_gmt>
		<wp:comment_status>open</wp:comment_status>
		<wp:ping_status>open</wp:ping_status>
		<wp:post_name>bridge_restaurant_dropdown</wp:post_name>
		<wp:status>inherit</wp:status>
		<wp:post_parent>0</wp:post_parent>
		<wp:menu_order>0</wp:menu_order>
		<wp:post_type>attachment</wp:post_type>
		<wp:post_password></wp:post_password>
		<wp:is_sticky>0</wp:is_sticky>
		<wp:attachment_url>http://demo.qodeinteractive.com/bridge13/wp-content/uploads/2014/06/Bridge_Restaurant_DropDown.jpg</wp:attachment_url>
		<wp:postmeta>
			<wp:meta_key>_wp_attached_file</wp:meta_key>
			<wp:meta_value><![CDATA[2014/06/Bridge_Restaurant_DropDown.jpg]]></wp:meta_value>
		</wp:postmeta>
		<wp:postmeta>
			<wp:meta_key>_wp_attachment_metadata</wp:meta_key>
			<wp:meta_value><![CDATA[a:5:{s:5:"width";i:280;s:6:"height";i:177;s:4:"file";s:38:"2014/06/Bridge_Restaurant_DropDown.jpg";s:5:"sizes";a:2:{s:9:"thumbnail";a:4:{s:4:"file";s:38:"Bridge_Restaurant_DropDown-150x150.jpg";s:5:"width";i:150;s:6:"height";i:150;s:9:"mime-type";s:10:"image/jpeg";}s:14:"shop_thumbnail";a:4:{s:4:"file";s:38:"Bridge_Restaurant_DropDown-170x107.jpg";s:5:"width";i:170;s:6:"height";i:107;s:9:"mime-type";s:10:"image/jpeg";}}s:10:"image_meta";a:10:{s:8:"aperture";i:0;s:6:"credit";s:0:"";s:6:"camera";s:0:"";s:7:"caption";s:0:"";s:17:"created_timestamp";i:0;s:9:"copyright";s:0:"";s:12:"focal_length";i:0;s:3:"iso";i:0;s:13:"shutter_speed";i:0;s:5:"title";s:0:"";}}]]></wp:meta_value>
		</wp:postmeta>
		<wp:postmeta>
			<wp:meta_key>_wp_attachment_image_alt</wp:meta_key>
			<wp:meta_value><![CDATA[q]]></wp:meta_value>
		</wp:postmeta>
		<wp:postmeta>
			<wp:meta_key>_edit_last</wp:meta_key>
			<wp:meta_value><![CDATA[1]]></wp:meta_value>
		</wp:postmeta>
	</item>

	<item>
				<title>logo_hidden</title>
		<link>http://demo.qodeinteractive.com/bridge13/?attachment_id=16017</link>
		<pubDate>Thu, 19 Jun 2014 12:58:43 +0000</pubDate>
		<dc:creator><![CDATA[admin]]></dc:creator>
		<guid isPermaLink="false">http://demo.qodeinteractive.com/bridge13/wp-content/uploads/2014/06/logo_hidden.png</guid>
		<description></description>
		<content:encoded><![CDATA[]]></content:encoded>
		<excerpt:encoded><![CDATA[]]></excerpt:encoded>
		<wp:post_id>16017</wp:post_id>
		<wp:post_date>2014-06-19 12:58:43</wp:post_date>
		<wp:post_date_gmt>2014-06-19 12:58:43</wp:post_date_gmt>
		<wp:comment_status>open</wp:comment_status>
		<wp:ping_status>open</wp:ping_status>
		<wp:post_name>logo_hidden</wp:post_name>
		<wp:status>inherit</wp:status>
		<wp:post_parent>0</wp:post_parent>
		<wp:menu_order>0</wp:menu_order>
		<wp:post_type>attachment</wp:post_type>
		<wp:post_password></wp:post_password>
		<wp:is_sticky>0</wp:is_sticky>
		<wp:attachment_url>http://demo.qodeinteractive.com/bridge13/wp-content/uploads/2014/06/logo_hidden.png</wp:attachment_url>
		<wp:postmeta>
			<wp:meta_key>_wp_attached_file</wp:meta_key>
			<wp:meta_value><![CDATA[2014/06/logo_hidden.png]]></wp:meta_value>
		</wp:postmeta>
		<wp:postmeta>
			<wp:meta_key>_wp_attachment_metadata</wp:meta_key>
			<wp:meta_value><![CDATA[a:5:{s:5:"width";i:100;s:6:"height";i:100;s:4:"file";s:23:"2014/06/logo_hidden.png";s:5:"sizes";a:0:{}s:10:"image_meta";a:10:{s:8:"aperture";i:0;s:6:"credit";s:0:"";s:6:"camera";s:0:"";s:7:"caption";s:0:"";s:17:"created_timestamp";i:0;s:9:"copyright";s:0:"";s:12:"focal_length";i:0;s:3:"iso";i:0;s:13:"shutter_speed";i:0;s:5:"title";s:0:"";}}]]></wp:meta_value>
		</wp:postmeta>
	</item>

	<item>
				<title>Bridge_Construct_DropDown</title>
		<link>http://demo.qodeinteractive.com/bridge13/?attachment_id=16018</link>
		<pubDate>Fri, 20 Jun 2014 08:19:30 +0000</pubDate>
		<dc:creator><![CDATA[admin]]></dc:creator>
		<guid isPermaLink="false">http://demo.qodeinteractive.com/bridge13/wp-content/uploads/2014/06/Bridge_Construct_DropDown.jpg</guid>
		<description></description>
		<content:encoded><![CDATA[]]></content:encoded>
		<excerpt:encoded><![CDATA[]]></excerpt:encoded>
		<wp:post_id>16018</wp:post_id>
		<wp:post_date>2014-06-20 08:19:30</wp:post_date>
		<wp:post_date_gmt>2014-06-20 08:19:30</wp:post_date_gmt>
		<wp:comment_status>open</wp:comment_status>
		<wp:ping_status>open</wp:ping_status>
		<wp:post_name>bridge_construct_dropdown</wp:post_name>
		<wp:status>inherit</wp:status>
		<wp:post_parent>0</wp:post_parent>
		<wp:menu_order>0</wp:menu_order>
		<wp:post_type>attachment</wp:post_type>
		<wp:post_password></wp:post_password>
		<wp:is_sticky>0</wp:is_sticky>
		<wp:attachment_url>http://demo.qodeinteractive.com/bridge13/wp-content/uploads/2014/06/Bridge_Construct_DropDown.jpg</wp:attachment_url>
		<wp:postmeta>
			<wp:meta_key>_wp_attached_file</wp:meta_key>
			<wp:meta_value><![CDATA[2014/06/Bridge_Construct_DropDown.jpg]]></wp:meta_value>
		</wp:postmeta>
		<wp:postmeta>
			<wp:meta_key>_wp_attachment_metadata</wp:meta_key>
			<wp:meta_value><![CDATA[a:5:{s:5:"width";i:280;s:6:"height";i:177;s:4:"file";s:37:"2014/06/Bridge_Construct_DropDown.jpg";s:5:"sizes";a:2:{s:9:"thumbnail";a:4:{s:4:"file";s:37:"Bridge_Construct_DropDown-150x150.jpg";s:5:"width";i:150;s:6:"height";i:150;s:9:"mime-type";s:10:"image/jpeg";}s:14:"shop_thumbnail";a:4:{s:4:"file";s:37:"Bridge_Construct_DropDown-170x107.jpg";s:5:"width";i:170;s:6:"height";i:107;s:9:"mime-type";s:10:"image/jpeg";}}s:10:"image_meta";a:10:{s:8:"aperture";i:0;s:6:"credit";s:0:"";s:6:"camera";s:0:"";s:7:"caption";s:0:"";s:17:"created_timestamp";i:0;s:9:"copyright";s:0:"";s:12:"focal_length";i:0;s:3:"iso";i:0;s:13:"shutter_speed";i:0;s:5:"title";s:0:"";}}]]></wp:meta_value>
		</wp:postmeta>
		<wp:postmeta>
			<wp:meta_key>_wp_attachment_image_alt</wp:meta_key>
			<wp:meta_value><![CDATA[q]]></wp:meta_value>
		</wp:postmeta>
		<wp:postmeta>
			<wp:meta_key>_edit_last</wp:meta_key>
			<wp:meta_value><![CDATA[1]]></wp:meta_value>
		</wp:postmeta>
	</item>

</channel>
</rss>
