<?xml version="1.0" encoding="UTF-8" ?>
<!-- This is a WordPress eXtended RSS file generated by WordPress as an export of your site. -->
<!-- It contains information about your site's posts, pages, comments, categories, and other content. -->
<!-- You may use this file to transfer that content from one site to another. -->
<!-- This file is not intended to serve as a complete backup of your site. -->

<!-- To import this information into a WordPress site follow these steps: -->
<!-- 1. Log in to that site as an administrator. -->
<!-- 2. Go to Tools: Import in the WordPress admin panel. -->
<!-- 3. Install the "WordPress" importer from the list. -->
<!-- 4. Activate & Run Importer. -->
<!-- 5. Upload this file using the form provided on that page. -->
<!-- 6. You will first be asked to map the authors in this export file to users -->
<!--    on the site. For each author, you may choose to map to an -->
<!--    existing user on the site or to create a new user. -->
<!-- 7. WordPress will then import each of the posts, pages, comments, categories, etc. -->
<!--    contained in this file into your site. -->

<!-- generator="WordPress/3.9.1" created="2014-07-31 16:25" -->
<rss version="2.0"
	xmlns:excerpt="http://wordpress.org/export/1.2/excerpt/"
	xmlns:content="http://purl.org/rss/1.0/modules/content/"
	xmlns:wfw="http://wellformedweb.org/CommentAPI/"
	xmlns:dc="http://purl.org/dc/elements/1.1/"
	xmlns:wp="http://wordpress.org/export/1.2/"
>

<channel>
	<title>Bridge</title>
	<link>http://demo.qodeinteractive.com/bridge26</link>
	<description>Creative Multi-Purpose WordPress Theme</description>
	<pubDate>Thu, 31 Jul 2014 16:25:16 +0000</pubDate>
	<language>en-US</language>
	<wp:wxr_version>1.2</wp:wxr_version>
	<wp:base_site_url>http://demo.qodeinteractive.com/bridge26</wp:base_site_url>
	<wp:base_blog_url>http://demo.qodeinteractive.com/bridge26</wp:base_blog_url>

	<wp:author><wp:author_id>1</wp:author_id><wp:author_login>admin</wp:author_login><wp:author_email>support@qodeinteractive.com</wp:author_email><wp:author_display_name><![CDATA[admin]]></wp:author_display_name><wp:author_first_name><![CDATA[Qode]]></wp:author_first_name><wp:author_last_name><![CDATA[Interactive]]></wp:author_last_name></wp:author>
	<wp:author><wp:author_id>3</wp:author_id><wp:author_login>raymichael</wp:author_login><wp:author_email>raymichael2014@gmail.com</wp:author_email><wp:author_display_name><![CDATA[Ray Michael]]></wp:author_display_name><wp:author_first_name><![CDATA[Ray]]></wp:author_first_name><wp:author_last_name><![CDATA[Michael]]></wp:author_last_name></wp:author>

	<wp:category><wp:term_id>17</wp:term_id><wp:category_nicename>art</wp:category_nicename><wp:category_parent></wp:category_parent><wp:cat_name><![CDATA[Art]]></wp:cat_name></wp:category>
	<wp:category><wp:term_id>2</wp:term_id><wp:category_nicename>business</wp:category_nicename><wp:category_parent></wp:category_parent><wp:cat_name><![CDATA[Business]]></wp:cat_name></wp:category>
	<wp:category><wp:term_id>39</wp:term_id><wp:category_nicename>design</wp:category_nicename><wp:category_parent></wp:category_parent><wp:cat_name><![CDATA[Design]]></wp:cat_name></wp:category>
	<wp:category><wp:term_id>40</wp:term_id><wp:category_nicename>music</wp:category_nicename><wp:category_parent></wp:category_parent><wp:cat_name><![CDATA[Music]]></wp:cat_name></wp:category>
	<wp:category><wp:term_id>5</wp:term_id><wp:category_nicename>photography</wp:category_nicename><wp:category_parent></wp:category_parent><wp:cat_name><![CDATA[Photography]]></wp:cat_name></wp:category>
	<wp:category><wp:term_id>10</wp:term_id><wp:category_nicename>sport</wp:category_nicename><wp:category_parent></wp:category_parent><wp:cat_name><![CDATA[Sport]]></wp:cat_name></wp:category>
	<wp:category><wp:term_id>1</wp:term_id><wp:category_nicename>uncategorized</wp:category_nicename><wp:category_parent></wp:category_parent><wp:cat_name><![CDATA[Uncategorized]]></wp:cat_name></wp:category>
	<wp:tag><wp:term_id>49</wp:term_id><wp:tag_slug>analysis</wp:tag_slug><wp:tag_name><![CDATA[Analysis]]></wp:tag_name></wp:tag>
	<wp:tag><wp:term_id>17</wp:term_id><wp:tag_slug>art</wp:tag_slug><wp:tag_name><![CDATA[Art]]></wp:tag_name></wp:tag>
	<wp:tag><wp:term_id>48</wp:term_id><wp:tag_slug>articles</wp:tag_slug><wp:tag_name><![CDATA[Articles]]></wp:tag_name></wp:tag>
	<wp:tag><wp:term_id>14</wp:term_id><wp:tag_slug>audio</wp:tag_slug><wp:tag_name><![CDATA[Audio]]></wp:tag_name></wp:tag>
	<wp:tag><wp:term_id>2</wp:term_id><wp:tag_slug>business</wp:tag_slug><wp:tag_name><![CDATA[Business]]></wp:tag_name></wp:tag>
	<wp:tag><wp:term_id>51</wp:term_id><wp:tag_slug>culture</wp:tag_slug><wp:tag_name><![CDATA[Culture]]></wp:tag_name></wp:tag>
	<wp:tag><wp:term_id>16</wp:term_id><wp:tag_slug>development</wp:tag_slug><wp:tag_name><![CDATA[Development]]></wp:tag_name></wp:tag>
	<wp:tag><wp:term_id>55</wp:term_id><wp:tag_slug>ecology</wp:tag_slug><wp:tag_name><![CDATA[Ecology]]></wp:tag_name></wp:tag>
	<wp:tag><wp:term_id>54</wp:term_id><wp:tag_slug>events</wp:tag_slug><wp:tag_name><![CDATA[Events]]></wp:tag_name></wp:tag>
	<wp:tag><wp:term_id>52</wp:term_id><wp:tag_slug>information</wp:tag_slug><wp:tag_name><![CDATA[Information]]></wp:tag_name></wp:tag>
	<wp:tag><wp:term_id>50</wp:term_id><wp:tag_slug>inspiration</wp:tag_slug><wp:tag_name><![CDATA[Inspiration]]></wp:tag_name></wp:tag>
	<wp:tag><wp:term_id>56</wp:term_id><wp:tag_slug>nature</wp:tag_slug><wp:tag_name><![CDATA[Nature]]></wp:tag_name></wp:tag>
	<wp:tag><wp:term_id>7</wp:term_id><wp:tag_slug>opportunities</wp:tag_slug><wp:tag_name><![CDATA[Opportunities]]></wp:tag_name></wp:tag>
	<wp:tag><wp:term_id>57</wp:term_id><wp:tag_slug>science</wp:tag_slug><wp:tag_name><![CDATA[Science]]></wp:tag_name></wp:tag>
	<wp:tag><wp:term_id>10</wp:term_id><wp:tag_slug>sport</wp:tag_slug><wp:tag_name><![CDATA[Sport]]></wp:tag_name></wp:tag>
	<wp:tag><wp:term_id>4</wp:term_id><wp:tag_slug>stress</wp:tag_slug><wp:tag_name><![CDATA[Stress]]></wp:tag_name></wp:tag>
	<wp:tag><wp:term_id>15</wp:term_id><wp:tag_slug>swimming</wp:tag_slug><wp:tag_name><![CDATA[Swimming]]></wp:tag_name></wp:tag>
	<wp:tag><wp:term_id>53</wp:term_id><wp:tag_slug>trends</wp:tag_slug><wp:tag_name><![CDATA[Trends]]></wp:tag_name></wp:tag>
	<wp:tag><wp:term_id>13</wp:term_id><wp:tag_slug>video</wp:tag_slug><wp:tag_name><![CDATA[Video]]></wp:tag_name></wp:tag>
	<wp:tag><wp:term_id>9</wp:term_id><wp:tag_slug>web-design</wp:tag_slug><wp:tag_name><![CDATA[Web Design]]></wp:tag_name></wp:tag>
	<wp:term><wp:term_id>17</wp:term_id><wp:term_taxonomy>portfolio_category</wp:term_taxonomy><wp:term_slug>art</wp:term_slug><wp:term_parent></wp:term_parent><wp:term_name><![CDATA[Art]]></wp:term_name></wp:term>
	<wp:term><wp:term_id>2</wp:term_id><wp:term_taxonomy>portfolio_category</wp:term_taxonomy><wp:term_slug>business</wp:term_slug><wp:term_parent></wp:term_parent><wp:term_name><![CDATA[Business]]></wp:term_name></wp:term>
	<wp:term><wp:term_id>30</wp:term_id><wp:term_taxonomy>shop_order_status</wp:term_taxonomy><wp:term_slug>cancelled</wp:term_slug><wp:term_parent></wp:term_parent><wp:term_name><![CDATA[cancelled]]></wp:term_name></wp:term>
	<wp:term><wp:term_id>97</wp:term_id><wp:term_taxonomy>product_tag</wp:term_taxonomy><wp:term_slug>case</wp:term_slug><wp:term_parent></wp:term_parent><wp:term_name><![CDATA[Case]]></wp:term_name></wp:term>
	<wp:term><wp:term_id>28</wp:term_id><wp:term_taxonomy>shop_order_status</wp:term_taxonomy><wp:term_slug>completed</wp:term_slug><wp:term_parent></wp:term_parent><wp:term_name><![CDATA[completed]]></wp:term_name></wp:term>
	<wp:term><wp:term_id>108</wp:term_id><wp:term_taxonomy>product_tag</wp:term_taxonomy><wp:term_slug>cover</wp:term_slug><wp:term_parent></wp:term_parent><wp:term_name><![CDATA[Cover]]></wp:term_name></wp:term>
	<wp:term><wp:term_id>23</wp:term_id><wp:term_taxonomy>product_type</wp:term_taxonomy><wp:term_slug>external</wp:term_slug><wp:term_parent></wp:term_parent><wp:term_name><![CDATA[external]]></wp:term_name></wp:term>
	<wp:term><wp:term_id>25</wp:term_id><wp:term_taxonomy>shop_order_status</wp:term_taxonomy><wp:term_slug>failed</wp:term_slug><wp:term_parent></wp:term_parent><wp:term_name><![CDATA[failed]]></wp:term_name></wp:term>
	<wp:term><wp:term_id>96</wp:term_id><wp:term_taxonomy>product_tag</wp:term_taxonomy><wp:term_slug>glasses</wp:term_slug><wp:term_parent></wp:term_parent><wp:term_name><![CDATA[Glasses]]></wp:term_name></wp:term>
	<wp:term><wp:term_id>21</wp:term_id><wp:term_taxonomy>product_type</wp:term_taxonomy><wp:term_slug>grouped</wp:term_slug><wp:term_parent></wp:term_parent><wp:term_name><![CDATA[grouped]]></wp:term_name></wp:term>
	<wp:term><wp:term_id>101</wp:term_id><wp:term_taxonomy>product_tag</wp:term_taxonomy><wp:term_slug>handbag</wp:term_slug><wp:term_parent></wp:term_parent><wp:term_name><![CDATA[Handbag]]></wp:term_name></wp:term>
	<wp:term><wp:term_id>116</wp:term_id><wp:term_taxonomy>slides_category</wp:term_taxonomy><wp:term_slug>home-bridge-health-slider</wp:term_slug><wp:term_parent></wp:term_parent><wp:term_name><![CDATA[Home Bridge Health Slider]]></wp:term_name></wp:term>
	<wp:term><wp:term_id>61</wp:term_id><wp:term_taxonomy>carousels_category</wp:term_taxonomy><wp:term_slug>home-carousel-mini</wp:term_slug><wp:term_parent></wp:term_parent><wp:term_name><![CDATA[Home Carousel Mini]]></wp:term_name></wp:term>
	<wp:term><wp:term_id>74</wp:term_id><wp:term_taxonomy>product_tag</wp:term_taxonomy><wp:term_slug>iphone</wp:term_slug><wp:term_parent></wp:term_parent><wp:term_name><![CDATA[iPhone]]></wp:term_name></wp:term>
	<wp:term><wp:term_id>63</wp:term_id><wp:term_taxonomy>product_tag</wp:term_taxonomy><wp:term_slug>laptop</wp:term_slug><wp:term_parent></wp:term_parent><wp:term_name><![CDATA[Laptop]]></wp:term_name></wp:term>
	<wp:term><wp:term_id>100</wp:term_id><wp:term_taxonomy>product_tag</wp:term_taxonomy><wp:term_slug>leather</wp:term_slug><wp:term_parent></wp:term_parent><wp:term_name><![CDATA[Leather]]></wp:term_name></wp:term>
	<wp:term><wp:term_id>33</wp:term_id><wp:term_taxonomy>product_tag</wp:term_taxonomy><wp:term_slug>mountain</wp:term_slug><wp:term_parent></wp:term_parent><wp:term_name><![CDATA[Mountain]]></wp:term_name></wp:term>
	<wp:term><wp:term_id>40</wp:term_id><wp:term_taxonomy>product_tag</wp:term_taxonomy><wp:term_slug>music</wp:term_slug><wp:term_parent></wp:term_parent><wp:term_name><![CDATA[Music]]></wp:term_name></wp:term>
	<wp:term><wp:term_id>26</wp:term_id><wp:term_taxonomy>shop_order_status</wp:term_taxonomy><wp:term_slug>on-hold</wp:term_slug><wp:term_parent></wp:term_parent><wp:term_name><![CDATA[on-hold]]></wp:term_name></wp:term>
	<wp:term><wp:term_id>24</wp:term_id><wp:term_taxonomy>shop_order_status</wp:term_taxonomy><wp:term_slug>pending</wp:term_slug><wp:term_parent></wp:term_parent><wp:term_name><![CDATA[pending]]></wp:term_name></wp:term>
	<wp:term><wp:term_id>5</wp:term_id><wp:term_taxonomy>portfolio_category</wp:term_taxonomy><wp:term_slug>photography</wp:term_slug><wp:term_parent></wp:term_parent><wp:term_name><![CDATA[Photography]]></wp:term_name></wp:term>
	<wp:term><wp:term_id>27</wp:term_id><wp:term_taxonomy>shop_order_status</wp:term_taxonomy><wp:term_slug>processing</wp:term_slug><wp:term_parent></wp:term_parent><wp:term_name><![CDATA[processing]]></wp:term_name></wp:term>
	<wp:term><wp:term_id>64</wp:term_id><wp:term_taxonomy>product_tag</wp:term_taxonomy><wp:term_slug>quad-core</wp:term_slug><wp:term_parent></wp:term_parent><wp:term_name><![CDATA[Quad-Core]]></wp:term_name></wp:term>
	<wp:term><wp:term_id>29</wp:term_id><wp:term_taxonomy>shop_order_status</wp:term_taxonomy><wp:term_slug>refunded</wp:term_slug><wp:term_parent></wp:term_parent><wp:term_name><![CDATA[refunded]]></wp:term_name></wp:term>
	<wp:term><wp:term_id>73</wp:term_id><wp:term_taxonomy>product_tag</wp:term_taxonomy><wp:term_slug>rooter</wp:term_slug><wp:term_parent></wp:term_parent><wp:term_name><![CDATA[Rooter]]></wp:term_name></wp:term>
	<wp:term><wp:term_id>34</wp:term_id><wp:term_taxonomy>product_tag</wp:term_taxonomy><wp:term_slug>running</wp:term_slug><wp:term_parent></wp:term_parent><wp:term_name><![CDATA[Running]]></wp:term_name></wp:term>
	<wp:term><wp:term_id>36</wp:term_id><wp:term_taxonomy>product_tag</wp:term_taxonomy><wp:term_slug>shirt</wp:term_slug><wp:term_parent></wp:term_parent><wp:term_name><![CDATA[Shirt]]></wp:term_name></wp:term>
	<wp:term><wp:term_id>35</wp:term_id><wp:term_taxonomy>product_tag</wp:term_taxonomy><wp:term_slug>shoes</wp:term_slug><wp:term_parent></wp:term_parent><wp:term_name><![CDATA[Shoes]]></wp:term_name></wp:term>
	<wp:term><wp:term_id>20</wp:term_id><wp:term_taxonomy>product_type</wp:term_taxonomy><wp:term_slug>simple</wp:term_slug><wp:term_parent></wp:term_parent><wp:term_name><![CDATA[simple]]></wp:term_name></wp:term>
	<wp:term><wp:term_id>32</wp:term_id><wp:term_taxonomy>product_tag</wp:term_taxonomy><wp:term_slug>ski</wp:term_slug><wp:term_parent></wp:term_parent><wp:term_name><![CDATA[Ski]]></wp:term_name></wp:term>
	<wp:term><wp:term_id>31</wp:term_id><wp:term_taxonomy>product_cat</wp:term_taxonomy><wp:term_slug>skiing</wp:term_slug><wp:term_parent></wp:term_parent><wp:term_name><![CDATA[Skiing]]></wp:term_name></wp:term>
	<wp:term><wp:term_id>105</wp:term_id><wp:term_taxonomy>product_tag</wp:term_taxonomy><wp:term_slug>sleeve</wp:term_slug><wp:term_parent></wp:term_parent><wp:term_name><![CDATA[Sleeve]]></wp:term_name></wp:term>
	<wp:term><wp:term_id>67</wp:term_id><wp:term_taxonomy>product_tag</wp:term_taxonomy><wp:term_slug>smartphone</wp:term_slug><wp:term_parent></wp:term_parent><wp:term_name><![CDATA[Smartphone]]></wp:term_name></wp:term>
	<wp:term><wp:term_id>103</wp:term_id><wp:term_taxonomy>product_tag</wp:term_taxonomy><wp:term_slug>sunglasses</wp:term_slug><wp:term_parent></wp:term_parent><wp:term_name><![CDATA[Sunglasses]]></wp:term_name></wp:term>
	<wp:term><wp:term_id>69</wp:term_id><wp:term_taxonomy>product_tag</wp:term_taxonomy><wp:term_slug>tablet</wp:term_slug><wp:term_parent></wp:term_parent><wp:term_name><![CDATA[Tablet]]></wp:term_name></wp:term>
	<wp:term><wp:term_id>106</wp:term_id><wp:term_taxonomy>product_tag</wp:term_taxonomy><wp:term_slug>travel</wp:term_slug><wp:term_parent></wp:term_parent><wp:term_name><![CDATA[Travel]]></wp:term_name></wp:term>
	<wp:term><wp:term_id>72</wp:term_id><wp:term_taxonomy>product_tag</wp:term_taxonomy><wp:term_slug>tv</wp:term_slug><wp:term_parent></wp:term_parent><wp:term_name><![CDATA[TV]]></wp:term_name></wp:term>
	<wp:term><wp:term_id>99</wp:term_id><wp:term_taxonomy>product_tag</wp:term_taxonomy><wp:term_slug>vanity-case</wp:term_slug><wp:term_parent></wp:term_parent><wp:term_name><![CDATA[Vanity Case]]></wp:term_name></wp:term>
	<wp:term><wp:term_id>22</wp:term_id><wp:term_taxonomy>product_type</wp:term_taxonomy><wp:term_slug>variable</wp:term_slug><wp:term_parent></wp:term_parent><wp:term_name><![CDATA[variable]]></wp:term_name></wp:term>
	<wp:term><wp:term_id>102</wp:term_id><wp:term_taxonomy>product_tag</wp:term_taxonomy><wp:term_slug>vintage</wp:term_slug><wp:term_parent></wp:term_parent><wp:term_name><![CDATA[Vintage]]></wp:term_name></wp:term>
	<wp:term><wp:term_id>110</wp:term_id><wp:term_taxonomy>product_tag</wp:term_taxonomy><wp:term_slug>wallet</wp:term_slug><wp:term_parent></wp:term_parent><wp:term_name><![CDATA[Wallet]]></wp:term_name></wp:term>
	<wp:term><wp:term_id>70</wp:term_id><wp:term_taxonomy>product_tag</wp:term_taxonomy><wp:term_slug>watch</wp:term_slug><wp:term_parent></wp:term_parent><wp:term_name><![CDATA[Watch]]></wp:term_name></wp:term>
	<wp:term><wp:term_id>58</wp:term_id><wp:term_taxonomy>testimonials_category</wp:term_taxonomy><wp:term_slug>web-design-2</wp:term_slug><wp:term_parent></wp:term_parent><wp:term_name><![CDATA[web design]]></wp:term_name></wp:term>
	<wp:term><wp:term_id>59</wp:term_id><wp:term_taxonomy>testimonials_category</wp:term_taxonomy><wp:term_slug>web-development</wp:term_slug><wp:term_parent></wp:term_parent><wp:term_name><![CDATA[web development]]></wp:term_name></wp:term>
	<wp:term><wp:term_id>71</wp:term_id><wp:term_taxonomy>product_tag</wp:term_taxonomy><wp:term_slug>wifi</wp:term_slug><wp:term_parent></wp:term_parent><wp:term_name><![CDATA[WiFi]]></wp:term_name></wp:term>
	<wp:term><wp:term_id>37</wp:term_id><wp:term_taxonomy>product_tag</wp:term_taxonomy><wp:term_slug>workout</wp:term_slug><wp:term_parent></wp:term_parent><wp:term_name><![CDATA[Workout]]></wp:term_name></wp:term>
	<wp:term><wp:term_id>98</wp:term_id><wp:term_taxonomy>product_cat</wp:term_taxonomy><wp:term_slug>bags</wp:term_slug><wp:term_parent></wp:term_parent><wp:term_name><![CDATA[Bags]]></wp:term_name></wp:term>
	<wp:term><wp:term_id>95</wp:term_id><wp:term_taxonomy>product_cat</wp:term_taxonomy><wp:term_slug>cases</wp:term_slug><wp:term_parent></wp:term_parent><wp:term_name><![CDATA[Cases]]></wp:term_name></wp:term>
	<wp:term><wp:term_id>107</wp:term_id><wp:term_taxonomy>product_cat</wp:term_taxonomy><wp:term_slug>covers</wp:term_slug><wp:term_parent></wp:term_parent><wp:term_name><![CDATA[Covers]]></wp:term_name></wp:term>
	<wp:term><wp:term_id>68</wp:term_id><wp:term_taxonomy>product_tag</wp:term_taxonomy><wp:term_slug>headphones</wp:term_slug><wp:term_parent></wp:term_parent><wp:term_name><![CDATA[Headphones]]></wp:term_name></wp:term>
	<wp:term><wp:term_id>62</wp:term_id><wp:term_taxonomy>product_cat</wp:term_taxonomy><wp:term_slug>notebook</wp:term_slug><wp:term_parent></wp:term_parent><wp:term_name><![CDATA[Notebook]]></wp:term_name></wp:term>
	<wp:term><wp:term_id>65</wp:term_id><wp:term_taxonomy>product_cat</wp:term_taxonomy><wp:term_slug>other</wp:term_slug><wp:term_parent></wp:term_parent><wp:term_name><![CDATA[Other]]></wp:term_name></wp:term>
	<wp:term><wp:term_id>66</wp:term_id><wp:term_taxonomy>product_cat</wp:term_taxonomy><wp:term_slug>phones</wp:term_slug><wp:term_parent></wp:term_parent><wp:term_name><![CDATA[Phones]]></wp:term_name></wp:term>
	<wp:term><wp:term_id>104</wp:term_id><wp:term_taxonomy>product_cat</wp:term_taxonomy><wp:term_slug>sleeves</wp:term_slug><wp:term_parent></wp:term_parent><wp:term_name><![CDATA[Sleeves]]></wp:term_name></wp:term>
	<wp:term><wp:term_id>109</wp:term_id><wp:term_taxonomy>product_cat</wp:term_taxonomy><wp:term_slug>wallets</wp:term_slug><wp:term_parent></wp:term_parent><wp:term_name><![CDATA[Wallets]]></wp:term_name></wp:term>
	<wp:term><wp:term_id>77</wp:term_id><wp:term_taxonomy>nav_menu</wp:term_taxonomy><wp:term_slug>top_menu</wp:term_slug><wp:term_name><![CDATA[top_menu]]></wp:term_name></wp:term>
	<wp:term><wp:term_id>111</wp:term_id><wp:term_taxonomy>nav_menu</wp:term_taxonomy><wp:term_slug>top_menu_backup-2014-04-03-423pm</wp:term_slug><wp:term_name><![CDATA[top_menu_backup 2014-04-03 4:23PM]]></wp:term_name></wp:term>
	<wp:term><wp:term_id>114</wp:term_id><wp:term_taxonomy>nav_menu</wp:term_taxonomy><wp:term_slug>top_menu_backup-2014-05-07-217pm</wp:term_slug><wp:term_name><![CDATA[top_menu_backup 2014-05-07 2:17PM]]></wp:term_name></wp:term>
	<wp:term><wp:term_id>115</wp:term_id><wp:term_taxonomy>nav_menu</wp:term_taxonomy><wp:term_slug>top_menu_backup-2014-05-15-902am</wp:term_slug><wp:term_name><![CDATA[top_menu_backup 2014-05-15 9:02AM]]></wp:term_name></wp:term>
	<wp:term><wp:term_id>117</wp:term_id><wp:term_taxonomy>nav_menu</wp:term_taxonomy><wp:term_slug>footer_menu_1</wp:term_slug><wp:term_name><![CDATA[footer_menu_1]]></wp:term_name></wp:term>
	<wp:term><wp:term_id>118</wp:term_id><wp:term_taxonomy>nav_menu</wp:term_taxonomy><wp:term_slug>footer_menu_2</wp:term_slug><wp:term_name><![CDATA[footer_menu_2]]></wp:term_name></wp:term>
	<wp:term><wp:term_id>119</wp:term_id><wp:term_taxonomy>nav_menu</wp:term_taxonomy><wp:term_slug>footer_menu_3</wp:term_slug><wp:term_name><![CDATA[footer_menu_3]]></wp:term_name></wp:term>
	<wp:term><wp:term_id>120</wp:term_id><wp:term_taxonomy>nav_menu</wp:term_taxonomy><wp:term_slug>top_menu_short</wp:term_slug><wp:term_name><![CDATA[top_menu_short]]></wp:term_name></wp:term>

	<generator>http://wordpress.org/?v=3.9.1</generator>

	
	<item>
				<title>p-project1-01</title>
		<link>http://demo.qodeinteractive.com/bridge26/?attachment_id=5951</link>
		<pubDate>Fri, 06 Dec 2013 10:10:18 +0000</pubDate>
		<dc:creator><![CDATA[admin]]></dc:creator>
		<guid isPermaLink="false">http://demo.qodeinteractive.com/bridge26/wp-content/uploads/2013/12/p-project1-01.jpg</guid>
		<description></description>
		<content:encoded><![CDATA[]]></content:encoded>
		<excerpt:encoded><![CDATA[]]></excerpt:encoded>
		<wp:post_id>5951</wp:post_id>
		<wp:post_date>2013-12-06 10:10:18</wp:post_date>
		<wp:post_date_gmt>2013-12-06 10:10:18</wp:post_date_gmt>
		<wp:comment_status>open</wp:comment_status>
		<wp:ping_status>open</wp:ping_status>
		<wp:post_name>p-project1-01-2</wp:post_name>
		<wp:status>inherit</wp:status>
		<wp:post_parent>0</wp:post_parent>
		<wp:menu_order>0</wp:menu_order>
		<wp:post_type>attachment</wp:post_type>
		<wp:post_password></wp:post_password>
		<wp:is_sticky>0</wp:is_sticky>
		<wp:attachment_url>http://demo.qodeinteractive.com/bridge26/wp-content/uploads/2013/12/p-project1-01.jpg</wp:attachment_url>
		<wp:postmeta>
			<wp:meta_key>_wp_attached_file</wp:meta_key>
			<wp:meta_value><![CDATA[2013/12/p-project1-01.jpg]]></wp:meta_value>
		</wp:postmeta>
		<wp:postmeta>
			<wp:meta_key>_wp_attachment_metadata</wp:meta_key>
			<wp:meta_value><![CDATA[a:5:{s:5:"width";i:1100;s:6:"height";i:619;s:4:"file";s:25:"2013/12/p-project1-01.jpg";s:5:"sizes";a:15:{s:9:"thumbnail";a:4:{s:4:"file";s:25:"p-project1-01-150x150.jpg";s:5:"width";i:150;s:6:"height";i:150;s:9:"mime-type";s:10:"image/jpeg";}s:6:"medium";a:4:{s:4:"file";s:25:"p-project1-01-300x168.jpg";s:5:"width";i:300;s:6:"height";i:168;s:9:"mime-type";s:10:"image/jpeg";}s:5:"large";a:4:{s:4:"file";s:26:"p-project1-01-1024x576.jpg";s:5:"width";i:1024;s:6:"height";i:576;s:9:"mime-type";s:10:"image/jpeg";}s:16:"portfolio-square";a:4:{s:4:"file";s:25:"p-project1-01-570x570.jpg";s:5:"width";i:570;s:6:"height";i:570;s:9:"mime-type";s:10:"image/jpeg";}s:18:"menu-featured-post";a:4:{s:4:"file";s:25:"p-project1-01-345x198.jpg";s:5:"width";i:345;s:6:"height";i:198;s:9:"mime-type";s:10:"image/jpeg";}s:20:"qode-carousel_slider";a:4:{s:4:"file";s:25:"p-project1-01-400x260.jpg";s:5:"width";i:400;s:6:"height";i:260;s:9:"mime-type";s:10:"image/jpeg";}s:16:"portfolio_slider";a:4:{s:4:"file";s:25:"p-project1-01-480x320.jpg";s:5:"width";i:480;s:6:"height";i:320;s:9:"mime-type";s:10:"image/jpeg";}s:25:"portfolio_masonry_regular";a:4:{s:4:"file";s:25:"p-project1-01-500x500.jpg";s:5:"width";i:500;s:6:"height";i:500;s:9:"mime-type";s:10:"image/jpeg";}s:22:"portfolio_masonry_wide";a:4:{s:4:"file";s:26:"p-project1-01-1000x500.jpg";s:5:"width";i:1000;s:6:"height";i:500;s:9:"mime-type";s:10:"image/jpeg";}s:22:"portfolio_masonry_tall";a:4:{s:4:"file";s:25:"p-project1-01-500x619.jpg";s:5:"width";i:500;s:6:"height";i:619;s:9:"mime-type";s:10:"image/jpeg";}s:23:"portfolio_masonry_large";a:4:{s:4:"file";s:26:"p-project1-01-1000x619.jpg";s:5:"width";i:1000;s:6:"height";i:619;s:9:"mime-type";s:10:"image/jpeg";}s:17:"latest_post_boxes";a:4:{s:4:"file";s:25:"p-project1-01-539x303.jpg";s:5:"width";i:539;s:6:"height";i:303;s:9:"mime-type";s:10:"image/jpeg";}s:14:"shop_thumbnail";a:4:{s:4:"file";s:24:"p-project1-01-170x95.jpg";s:5:"width";i:170;s:6:"height";i:95;s:9:"mime-type";s:10:"image/jpeg";}s:12:"shop_catalog";a:4:{s:4:"file";s:25:"p-project1-01-300x168.jpg";s:5:"width";i:300;s:6:"height";i:168;s:9:"mime-type";s:10:"image/jpeg";}s:11:"shop_single";a:4:{s:4:"file";s:25:"p-project1-01-540x303.jpg";s:5:"width";i:540;s:6:"height";i:303;s:9:"mime-type";s:10:"image/jpeg";}}s:10:"image_meta";a:10:{s:8:"aperture";i:0;s:6:"credit";s:0:"";s:6:"camera";s:0:"";s:7:"caption";s:0:"";s:17:"created_timestamp";i:0;s:9:"copyright";s:0:"";s:12:"focal_length";i:0;s:3:"iso";i:0;s:13:"shutter_speed";i:0;s:5:"title";s:0:"";}}]]></wp:meta_value>
		</wp:postmeta>
		<wp:postmeta>
			<wp:meta_key>_wp_attachment_image_alt</wp:meta_key>
			<wp:meta_value><![CDATA[a]]></wp:meta_value>
		</wp:postmeta>
	</item>

	<item>
				<title>p-project2-header20.jpg</title>
		<link>http://demo.qodeinteractive.com/bridge26/?attachment_id=6116</link>
		<pubDate>Mon, 09 Dec 2013 13:58:06 +0000</pubDate>
		<dc:creator><![CDATA[admin]]></dc:creator>
		<guid isPermaLink="false">http://demo.qodeinteractive.com/bridge26/wp-content/uploads/2013/12/p-project2-header20.jpg.jpg</guid>
		<description></description>
		<content:encoded><![CDATA[]]></content:encoded>
		<excerpt:encoded><![CDATA[]]></excerpt:encoded>
		<wp:post_id>6116</wp:post_id>
		<wp:post_date>2013-12-09 13:58:06</wp:post_date>
		<wp:post_date_gmt>2013-12-09 13:58:06</wp:post_date_gmt>
		<wp:comment_status>open</wp:comment_status>
		<wp:ping_status>open</wp:ping_status>
		<wp:post_name>p-project2-header20-jpg</wp:post_name>
		<wp:status>inherit</wp:status>
		<wp:post_parent>0</wp:post_parent>
		<wp:menu_order>0</wp:menu_order>
		<wp:post_type>attachment</wp:post_type>
		<wp:post_password></wp:post_password>
		<wp:is_sticky>0</wp:is_sticky>
		<wp:attachment_url>http://demo.qodeinteractive.com/bridge26/wp-content/uploads/2013/12/p-project2-header20.jpg.jpg</wp:attachment_url>
		<wp:postmeta>
			<wp:meta_key>_wp_attached_file</wp:meta_key>
			<wp:meta_value><![CDATA[2013/12/p-project2-header20.jpg.jpg]]></wp:meta_value>
		</wp:postmeta>
		<wp:postmeta>
			<wp:meta_key>_wp_attachment_metadata</wp:meta_key>
			<wp:meta_value><![CDATA[a:5:{s:5:"width";i:2420;s:6:"height";i:400;s:4:"file";s:35:"2013/12/p-project2-header20.jpg.jpg";s:5:"sizes";a:15:{s:9:"thumbnail";a:4:{s:4:"file";s:35:"p-project2-header20.jpg-150x150.jpg";s:5:"width";i:150;s:6:"height";i:150;s:9:"mime-type";s:10:"image/jpeg";}s:6:"medium";a:4:{s:4:"file";s:34:"p-project2-header20.jpg-300x49.jpg";s:5:"width";i:300;s:6:"height";i:49;s:9:"mime-type";s:10:"image/jpeg";}s:5:"large";a:4:{s:4:"file";s:36:"p-project2-header20.jpg-1024x169.jpg";s:5:"width";i:1024;s:6:"height";i:169;s:9:"mime-type";s:10:"image/jpeg";}s:16:"portfolio-square";a:4:{s:4:"file";s:35:"p-project2-header20.jpg-570x400.jpg";s:5:"width";i:570;s:6:"height";i:400;s:9:"mime-type";s:10:"image/jpeg";}s:18:"menu-featured-post";a:4:{s:4:"file";s:35:"p-project2-header20.jpg-345x198.jpg";s:5:"width";i:345;s:6:"height";i:198;s:9:"mime-type";s:10:"image/jpeg";}s:20:"qode-carousel_slider";a:4:{s:4:"file";s:35:"p-project2-header20.jpg-400x260.jpg";s:5:"width";i:400;s:6:"height";i:260;s:9:"mime-type";s:10:"image/jpeg";}s:16:"portfolio_slider";a:4:{s:4:"file";s:35:"p-project2-header20.jpg-480x320.jpg";s:5:"width";i:480;s:6:"height";i:320;s:9:"mime-type";s:10:"image/jpeg";}s:25:"portfolio_masonry_regular";a:4:{s:4:"file";s:35:"p-project2-header20.jpg-500x400.jpg";s:5:"width";i:500;s:6:"height";i:400;s:9:"mime-type";s:10:"image/jpeg";}s:22:"portfolio_masonry_wide";a:4:{s:4:"file";s:36:"p-project2-header20.jpg-1000x400.jpg";s:5:"width";i:1000;s:6:"height";i:400;s:9:"mime-type";s:10:"image/jpeg";}s:22:"portfolio_masonry_tall";a:4:{s:4:"file";s:35:"p-project2-header20.jpg-500x400.jpg";s:5:"width";i:500;s:6:"height";i:400;s:9:"mime-type";s:10:"image/jpeg";}s:23:"portfolio_masonry_large";a:4:{s:4:"file";s:36:"p-project2-header20.jpg-1000x400.jpg";s:5:"width";i:1000;s:6:"height";i:400;s:9:"mime-type";s:10:"image/jpeg";}s:17:"latest_post_boxes";a:4:{s:4:"file";s:35:"p-project2-header20.jpg-539x303.jpg";s:5:"width";i:539;s:6:"height";i:303;s:9:"mime-type";s:10:"image/jpeg";}s:14:"shop_thumbnail";a:4:{s:4:"file";s:34:"p-project2-header20.jpg-170x28.jpg";s:5:"width";i:170;s:6:"height";i:28;s:9:"mime-type";s:10:"image/jpeg";}s:12:"shop_catalog";a:4:{s:4:"file";s:34:"p-project2-header20.jpg-300x49.jpg";s:5:"width";i:300;s:6:"height";i:49;s:9:"mime-type";s:10:"image/jpeg";}s:11:"shop_single";a:4:{s:4:"file";s:34:"p-project2-header20.jpg-540x89.jpg";s:5:"width";i:540;s:6:"height";i:89;s:9:"mime-type";s:10:"image/jpeg";}}s:10:"image_meta";a:10:{s:8:"aperture";i:0;s:6:"credit";s:0:"";s:6:"camera";s:0:"";s:7:"caption";s:0:"";s:17:"created_timestamp";i:0;s:9:"copyright";s:0:"";s:12:"focal_length";i:0;s:3:"iso";i:0;s:13:"shutter_speed";i:0;s:5:"title";s:0:"";}}]]></wp:meta_value>
		</wp:postmeta>
		<wp:postmeta>
			<wp:meta_key>_wp_attachment_image_alt</wp:meta_key>
			<wp:meta_value><![CDATA[a]]></wp:meta_value>
		</wp:postmeta>
	</item>

	<item>
				<title>12 Tablet With Docking Station</title>
		<link>http://demo.qodeinteractive.com/bridge26/product/sunglasses-case/12-tablet-with-docking-station/</link>
		<pubDate>Tue, 28 Jan 2014 13:10:01 +0000</pubDate>
		<dc:creator><![CDATA[admin]]></dc:creator>
		<guid isPermaLink="false">http://demo.qodeinteractive.com/bridge26/wp-content/uploads/2013/10/12-Tablet-With-Docking-Station.jpg</guid>
		<description></description>
		<content:encoded><![CDATA[]]></content:encoded>
		<excerpt:encoded><![CDATA[]]></excerpt:encoded>
		<wp:post_id>9072</wp:post_id>
		<wp:post_date>2014-01-28 13:10:01</wp:post_date>
		<wp:post_date_gmt>2014-01-28 13:10:01</wp:post_date_gmt>
		<wp:comment_status>open</wp:comment_status>
		<wp:ping_status>open</wp:ping_status>
		<wp:post_name>12-tablet-with-docking-station</wp:post_name>
		<wp:status>inherit</wp:status>
		<wp:post_parent>531</wp:post_parent>
		<wp:menu_order>0</wp:menu_order>
		<wp:post_type>attachment</wp:post_type>
		<wp:post_password></wp:post_password>
		<wp:is_sticky>0</wp:is_sticky>
		<wp:attachment_url>http://demo.qodeinteractive.com/bridge26/wp-content/uploads/2013/10/12-Tablet-With-Docking-Station.jpg</wp:attachment_url>
		<wp:postmeta>
			<wp:meta_key>_wp_attached_file</wp:meta_key>
			<wp:meta_value><![CDATA[2013/10/12-Tablet-With-Docking-Station.jpg]]></wp:meta_value>
		</wp:postmeta>
		<wp:postmeta>
			<wp:meta_key>_wp_attachment_metadata</wp:meta_key>
			<wp:meta_value><![CDATA[a:5:{s:5:"width";i:540;s:6:"height";i:396;s:4:"file";s:42:"2013/10/12-Tablet-With-Docking-Station.jpg";s:5:"sizes";a:11:{s:9:"thumbnail";a:4:{s:4:"file";s:42:"12-Tablet-With-Docking-Station-150x150.jpg";s:5:"width";i:150;s:6:"height";i:150;s:9:"mime-type";s:10:"image/jpeg";}s:6:"medium";a:4:{s:4:"file";s:42:"12-Tablet-With-Docking-Station-300x220.jpg";s:5:"width";i:300;s:6:"height";i:220;s:9:"mime-type";s:10:"image/jpeg";}s:18:"menu-featured-post";a:4:{s:4:"file";s:42:"12-Tablet-With-Docking-Station-345x198.jpg";s:5:"width";i:345;s:6:"height";i:198;s:9:"mime-type";s:10:"image/jpeg";}s:20:"qode-carousel_slider";a:4:{s:4:"file";s:42:"12-Tablet-With-Docking-Station-400x260.jpg";s:5:"width";i:400;s:6:"height";i:260;s:9:"mime-type";s:10:"image/jpeg";}s:16:"portfolio_slider";a:4:{s:4:"file";s:42:"12-Tablet-With-Docking-Station-480x320.jpg";s:5:"width";i:480;s:6:"height";i:320;s:9:"mime-type";s:10:"image/jpeg";}s:25:"portfolio_masonry_regular";a:4:{s:4:"file";s:42:"12-Tablet-With-Docking-Station-500x396.jpg";s:5:"width";i:500;s:6:"height";i:396;s:9:"mime-type";s:10:"image/jpeg";}s:22:"portfolio_masonry_tall";a:4:{s:4:"file";s:42:"12-Tablet-With-Docking-Station-500x396.jpg";s:5:"width";i:500;s:6:"height";i:396;s:9:"mime-type";s:10:"image/jpeg";}s:17:"latest_post_boxes";a:4:{s:4:"file";s:42:"12-Tablet-With-Docking-Station-539x303.jpg";s:5:"width";i:539;s:6:"height";i:303;s:9:"mime-type";s:10:"image/jpeg";}s:14:"shop_thumbnail";a:4:{s:4:"file";s:42:"12-Tablet-With-Docking-Station-170x125.jpg";s:5:"width";i:170;s:6:"height";i:125;s:9:"mime-type";s:10:"image/jpeg";}s:12:"shop_catalog";a:4:{s:4:"file";s:42:"12-Tablet-With-Docking-Station-298x219.jpg";s:5:"width";i:298;s:6:"height";i:219;s:9:"mime-type";s:10:"image/jpeg";}s:11:"shop_single";a:4:{s:4:"file";s:42:"12-Tablet-With-Docking-Station-540x396.jpg";s:5:"width";i:540;s:6:"height";i:396;s:9:"mime-type";s:10:"image/jpeg";}}s:10:"image_meta";a:10:{s:8:"aperture";i:0;s:6:"credit";s:0:"";s:6:"camera";s:0:"";s:7:"caption";s:0:"";s:17:"created_timestamp";i:0;s:9:"copyright";s:0:"";s:12:"focal_length";i:0;s:3:"iso";i:0;s:13:"shutter_speed";i:0;s:5:"title";s:0:"";}}]]></wp:meta_value>
		</wp:postmeta>
		<wp:postmeta>
			<wp:meta_key>_wp_attachment_image_alt</wp:meta_key>
			<wp:meta_value><![CDATA[qode interactive strata]]></wp:meta_value>
		</wp:postmeta>
		<wp:postmeta>
			<wp:meta_key>_edit_last</wp:meta_key>
			<wp:meta_value><![CDATA[1]]></wp:meta_value>
		</wp:postmeta>
	</item>

	<item>
				<title>11 Digital Sampler Workstation</title>
		<link>http://demo.qodeinteractive.com/bridge26/product/madrid-weekend-bag/11-digital-sampler-workstation/</link>
		<pubDate>Tue, 28 Jan 2014 13:11:51 +0000</pubDate>
		<dc:creator><![CDATA[admin]]></dc:creator>
		<guid isPermaLink="false">http://demo.qodeinteractive.com/bridge26/wp-content/uploads/2013/10/11-Digital-Sampler-Workstation.jpg</guid>
		<description></description>
		<content:encoded><![CDATA[]]></content:encoded>
		<excerpt:encoded><![CDATA[]]></excerpt:encoded>
		<wp:post_id>9073</wp:post_id>
		<wp:post_date>2014-01-28 13:11:51</wp:post_date>
		<wp:post_date_gmt>2014-01-28 13:11:51</wp:post_date_gmt>
		<wp:comment_status>open</wp:comment_status>
		<wp:ping_status>open</wp:ping_status>
		<wp:post_name>11-digital-sampler-workstation</wp:post_name>
		<wp:status>inherit</wp:status>
		<wp:post_parent>526</wp:post_parent>
		<wp:menu_order>0</wp:menu_order>
		<wp:post_type>attachment</wp:post_type>
		<wp:post_password></wp:post_password>
		<wp:is_sticky>0</wp:is_sticky>
		<wp:attachment_url>http://demo.qodeinteractive.com/bridge26/wp-content/uploads/2013/10/11-Digital-Sampler-Workstation.jpg</wp:attachment_url>
		<wp:postmeta>
			<wp:meta_key>_wp_attached_file</wp:meta_key>
			<wp:meta_value><![CDATA[2013/10/11-Digital-Sampler-Workstation.jpg]]></wp:meta_value>
		</wp:postmeta>
		<wp:postmeta>
			<wp:meta_key>_wp_attachment_metadata</wp:meta_key>
			<wp:meta_value><![CDATA[a:5:{s:5:"width";i:540;s:6:"height";i:396;s:4:"file";s:42:"2013/10/11-Digital-Sampler-Workstation.jpg";s:5:"sizes";a:11:{s:9:"thumbnail";a:4:{s:4:"file";s:42:"11-Digital-Sampler-Workstation-150x150.jpg";s:5:"width";i:150;s:6:"height";i:150;s:9:"mime-type";s:10:"image/jpeg";}s:6:"medium";a:4:{s:4:"file";s:42:"11-Digital-Sampler-Workstation-300x220.jpg";s:5:"width";i:300;s:6:"height";i:220;s:9:"mime-type";s:10:"image/jpeg";}s:18:"menu-featured-post";a:4:{s:4:"file";s:42:"11-Digital-Sampler-Workstation-345x198.jpg";s:5:"width";i:345;s:6:"height";i:198;s:9:"mime-type";s:10:"image/jpeg";}s:20:"qode-carousel_slider";a:4:{s:4:"file";s:42:"11-Digital-Sampler-Workstation-400x260.jpg";s:5:"width";i:400;s:6:"height";i:260;s:9:"mime-type";s:10:"image/jpeg";}s:16:"portfolio_slider";a:4:{s:4:"file";s:42:"11-Digital-Sampler-Workstation-480x320.jpg";s:5:"width";i:480;s:6:"height";i:320;s:9:"mime-type";s:10:"image/jpeg";}s:25:"portfolio_masonry_regular";a:4:{s:4:"file";s:42:"11-Digital-Sampler-Workstation-500x396.jpg";s:5:"width";i:500;s:6:"height";i:396;s:9:"mime-type";s:10:"image/jpeg";}s:22:"portfolio_masonry_tall";a:4:{s:4:"file";s:42:"11-Digital-Sampler-Workstation-500x396.jpg";s:5:"width";i:500;s:6:"height";i:396;s:9:"mime-type";s:10:"image/jpeg";}s:17:"latest_post_boxes";a:4:{s:4:"file";s:42:"11-Digital-Sampler-Workstation-539x303.jpg";s:5:"width";i:539;s:6:"height";i:303;s:9:"mime-type";s:10:"image/jpeg";}s:14:"shop_thumbnail";a:4:{s:4:"file";s:42:"11-Digital-Sampler-Workstation-170x125.jpg";s:5:"width";i:170;s:6:"height";i:125;s:9:"mime-type";s:10:"image/jpeg";}s:12:"shop_catalog";a:4:{s:4:"file";s:42:"11-Digital-Sampler-Workstation-298x219.jpg";s:5:"width";i:298;s:6:"height";i:219;s:9:"mime-type";s:10:"image/jpeg";}s:11:"shop_single";a:4:{s:4:"file";s:42:"11-Digital-Sampler-Workstation-540x396.jpg";s:5:"width";i:540;s:6:"height";i:396;s:9:"mime-type";s:10:"image/jpeg";}}s:10:"image_meta";a:10:{s:8:"aperture";i:0;s:6:"credit";s:0:"";s:6:"camera";s:0:"";s:7:"caption";s:0:"";s:17:"created_timestamp";i:0;s:9:"copyright";s:0:"";s:12:"focal_length";i:0;s:3:"iso";i:0;s:13:"shutter_speed";i:0;s:5:"title";s:0:"";}}]]></wp:meta_value>
		</wp:postmeta>
		<wp:postmeta>
			<wp:meta_key>_wp_attachment_image_alt</wp:meta_key>
			<wp:meta_value><![CDATA[qode interactive strata]]></wp:meta_value>
		</wp:postmeta>
		<wp:postmeta>
			<wp:meta_key>_edit_last</wp:meta_key>
			<wp:meta_value><![CDATA[1]]></wp:meta_value>
		</wp:postmeta>
	</item>

	<item>
				<title>10 Quad Core Smartphone</title>
		<link>http://demo.qodeinteractive.com/bridge26/product/leather-vanity-case/10-quad-core-smartphone/</link>
		<pubDate>Tue, 28 Jan 2014 13:12:48 +0000</pubDate>
		<dc:creator><![CDATA[admin]]></dc:creator>
		<guid isPermaLink="false">http://demo.qodeinteractive.com/bridge26/wp-content/uploads/2013/10/10-Quad-Core-Smartphone.jpg</guid>
		<description></description>
		<content:encoded><![CDATA[]]></content:encoded>
		<excerpt:encoded><![CDATA[]]></excerpt:encoded>
		<wp:post_id>9074</wp:post_id>
		<wp:post_date>2014-01-28 13:12:48</wp:post_date>
		<wp:post_date_gmt>2014-01-28 13:12:48</wp:post_date_gmt>
		<wp:comment_status>open</wp:comment_status>
		<wp:ping_status>open</wp:ping_status>
		<wp:post_name>10-quad-core-smartphone</wp:post_name>
		<wp:status>inherit</wp:status>
		<wp:post_parent>524</wp:post_parent>
		<wp:menu_order>0</wp:menu_order>
		<wp:post_type>attachment</wp:post_type>
		<wp:post_password></wp:post_password>
		<wp:is_sticky>0</wp:is_sticky>
		<wp:attachment_url>http://demo.qodeinteractive.com/bridge26/wp-content/uploads/2013/10/10-Quad-Core-Smartphone.jpg</wp:attachment_url>
		<wp:postmeta>
			<wp:meta_key>_wp_attached_file</wp:meta_key>
			<wp:meta_value><![CDATA[2013/10/10-Quad-Core-Smartphone.jpg]]></wp:meta_value>
		</wp:postmeta>
		<wp:postmeta>
			<wp:meta_key>_wp_attachment_metadata</wp:meta_key>
			<wp:meta_value><![CDATA[a:5:{s:5:"width";i:540;s:6:"height";i:396;s:4:"file";s:35:"2013/10/10-Quad-Core-Smartphone.jpg";s:5:"sizes";a:11:{s:9:"thumbnail";a:4:{s:4:"file";s:35:"10-Quad-Core-Smartphone-150x150.jpg";s:5:"width";i:150;s:6:"height";i:150;s:9:"mime-type";s:10:"image/jpeg";}s:6:"medium";a:4:{s:4:"file";s:35:"10-Quad-Core-Smartphone-300x220.jpg";s:5:"width";i:300;s:6:"height";i:220;s:9:"mime-type";s:10:"image/jpeg";}s:18:"menu-featured-post";a:4:{s:4:"file";s:35:"10-Quad-Core-Smartphone-345x198.jpg";s:5:"width";i:345;s:6:"height";i:198;s:9:"mime-type";s:10:"image/jpeg";}s:20:"qode-carousel_slider";a:4:{s:4:"file";s:35:"10-Quad-Core-Smartphone-400x260.jpg";s:5:"width";i:400;s:6:"height";i:260;s:9:"mime-type";s:10:"image/jpeg";}s:16:"portfolio_slider";a:4:{s:4:"file";s:35:"10-Quad-Core-Smartphone-480x320.jpg";s:5:"width";i:480;s:6:"height";i:320;s:9:"mime-type";s:10:"image/jpeg";}s:25:"portfolio_masonry_regular";a:4:{s:4:"file";s:35:"10-Quad-Core-Smartphone-500x396.jpg";s:5:"width";i:500;s:6:"height";i:396;s:9:"mime-type";s:10:"image/jpeg";}s:22:"portfolio_masonry_tall";a:4:{s:4:"file";s:35:"10-Quad-Core-Smartphone-500x396.jpg";s:5:"width";i:500;s:6:"height";i:396;s:9:"mime-type";s:10:"image/jpeg";}s:17:"latest_post_boxes";a:4:{s:4:"file";s:35:"10-Quad-Core-Smartphone-539x303.jpg";s:5:"width";i:539;s:6:"height";i:303;s:9:"mime-type";s:10:"image/jpeg";}s:14:"shop_thumbnail";a:4:{s:4:"file";s:35:"10-Quad-Core-Smartphone-170x125.jpg";s:5:"width";i:170;s:6:"height";i:125;s:9:"mime-type";s:10:"image/jpeg";}s:12:"shop_catalog";a:4:{s:4:"file";s:35:"10-Quad-Core-Smartphone-298x219.jpg";s:5:"width";i:298;s:6:"height";i:219;s:9:"mime-type";s:10:"image/jpeg";}s:11:"shop_single";a:4:{s:4:"file";s:35:"10-Quad-Core-Smartphone-540x396.jpg";s:5:"width";i:540;s:6:"height";i:396;s:9:"mime-type";s:10:"image/jpeg";}}s:10:"image_meta";a:10:{s:8:"aperture";i:0;s:6:"credit";s:0:"";s:6:"camera";s:0:"";s:7:"caption";s:0:"";s:17:"created_timestamp";i:0;s:9:"copyright";s:0:"";s:12:"focal_length";i:0;s:3:"iso";i:0;s:13:"shutter_speed";i:0;s:5:"title";s:0:"";}}]]></wp:meta_value>
		</wp:postmeta>
		<wp:postmeta>
			<wp:meta_key>_wp_attachment_image_alt</wp:meta_key>
			<wp:meta_value><![CDATA[qode interactive strata]]></wp:meta_value>
		</wp:postmeta>
		<wp:postmeta>
			<wp:meta_key>_edit_last</wp:meta_key>
			<wp:meta_value><![CDATA[1]]></wp:meta_value>
		</wp:postmeta>
	</item>

	<item>
				<title>09 Stylish Earbud Headphones</title>
		<link>http://demo.qodeinteractive.com/bridge26/product/tablet-sleeve/09-stylish-earbud-headphones/</link>
		<pubDate>Tue, 28 Jan 2014 13:13:47 +0000</pubDate>
		<dc:creator><![CDATA[admin]]></dc:creator>
		<guid isPermaLink="false">http://demo.qodeinteractive.com/bridge26/wp-content/uploads/2013/10/09-Stylish-Earbud-Headphones.jpg</guid>
		<description></description>
		<content:encoded><![CDATA[]]></content:encoded>
		<excerpt:encoded><![CDATA[]]></excerpt:encoded>
		<wp:post_id>9075</wp:post_id>
		<wp:post_date>2014-01-28 13:13:47</wp:post_date>
		<wp:post_date_gmt>2014-01-28 13:13:47</wp:post_date_gmt>
		<wp:comment_status>open</wp:comment_status>
		<wp:ping_status>open</wp:ping_status>
		<wp:post_name>09-stylish-earbud-headphones</wp:post_name>
		<wp:status>inherit</wp:status>
		<wp:post_parent>522</wp:post_parent>
		<wp:menu_order>0</wp:menu_order>
		<wp:post_type>attachment</wp:post_type>
		<wp:post_password></wp:post_password>
		<wp:is_sticky>0</wp:is_sticky>
		<wp:attachment_url>http://demo.qodeinteractive.com/bridge26/wp-content/uploads/2013/10/09-Stylish-Earbud-Headphones.jpg</wp:attachment_url>
		<wp:postmeta>
			<wp:meta_key>_wp_attached_file</wp:meta_key>
			<wp:meta_value><![CDATA[2013/10/09-Stylish-Earbud-Headphones.jpg]]></wp:meta_value>
		</wp:postmeta>
		<wp:postmeta>
			<wp:meta_key>_wp_attachment_metadata</wp:meta_key>
			<wp:meta_value><![CDATA[a:5:{s:5:"width";i:540;s:6:"height";i:396;s:4:"file";s:40:"2013/10/09-Stylish-Earbud-Headphones.jpg";s:5:"sizes";a:11:{s:9:"thumbnail";a:4:{s:4:"file";s:40:"09-Stylish-Earbud-Headphones-150x150.jpg";s:5:"width";i:150;s:6:"height";i:150;s:9:"mime-type";s:10:"image/jpeg";}s:6:"medium";a:4:{s:4:"file";s:40:"09-Stylish-Earbud-Headphones-300x220.jpg";s:5:"width";i:300;s:6:"height";i:220;s:9:"mime-type";s:10:"image/jpeg";}s:18:"menu-featured-post";a:4:{s:4:"file";s:40:"09-Stylish-Earbud-Headphones-345x198.jpg";s:5:"width";i:345;s:6:"height";i:198;s:9:"mime-type";s:10:"image/jpeg";}s:20:"qode-carousel_slider";a:4:{s:4:"file";s:40:"09-Stylish-Earbud-Headphones-400x260.jpg";s:5:"width";i:400;s:6:"height";i:260;s:9:"mime-type";s:10:"image/jpeg";}s:16:"portfolio_slider";a:4:{s:4:"file";s:40:"09-Stylish-Earbud-Headphones-480x320.jpg";s:5:"width";i:480;s:6:"height";i:320;s:9:"mime-type";s:10:"image/jpeg";}s:25:"portfolio_masonry_regular";a:4:{s:4:"file";s:40:"09-Stylish-Earbud-Headphones-500x396.jpg";s:5:"width";i:500;s:6:"height";i:396;s:9:"mime-type";s:10:"image/jpeg";}s:22:"portfolio_masonry_tall";a:4:{s:4:"file";s:40:"09-Stylish-Earbud-Headphones-500x396.jpg";s:5:"width";i:500;s:6:"height";i:396;s:9:"mime-type";s:10:"image/jpeg";}s:17:"latest_post_boxes";a:4:{s:4:"file";s:40:"09-Stylish-Earbud-Headphones-539x303.jpg";s:5:"width";i:539;s:6:"height";i:303;s:9:"mime-type";s:10:"image/jpeg";}s:14:"shop_thumbnail";a:4:{s:4:"file";s:40:"09-Stylish-Earbud-Headphones-170x125.jpg";s:5:"width";i:170;s:6:"height";i:125;s:9:"mime-type";s:10:"image/jpeg";}s:12:"shop_catalog";a:4:{s:4:"file";s:40:"09-Stylish-Earbud-Headphones-298x219.jpg";s:5:"width";i:298;s:6:"height";i:219;s:9:"mime-type";s:10:"image/jpeg";}s:11:"shop_single";a:4:{s:4:"file";s:40:"09-Stylish-Earbud-Headphones-540x396.jpg";s:5:"width";i:540;s:6:"height";i:396;s:9:"mime-type";s:10:"image/jpeg";}}s:10:"image_meta";a:10:{s:8:"aperture";i:0;s:6:"credit";s:0:"";s:6:"camera";s:0:"";s:7:"caption";s:0:"";s:17:"created_timestamp";i:0;s:9:"copyright";s:0:"";s:12:"focal_length";i:0;s:3:"iso";i:0;s:13:"shutter_speed";i:0;s:5:"title";s:0:"";}}]]></wp:meta_value>
		</wp:postmeta>
		<wp:postmeta>
			<wp:meta_key>_wp_attachment_image_alt</wp:meta_key>
			<wp:meta_value><![CDATA[qode interactive strata]]></wp:meta_value>
		</wp:postmeta>
		<wp:postmeta>
			<wp:meta_key>_edit_last</wp:meta_key>
			<wp:meta_value><![CDATA[1]]></wp:meta_value>
		</wp:postmeta>
	</item>

	<item>
				<title>08 Ultraslim Tablet</title>
		<link>http://demo.qodeinteractive.com/bridge26/product/leather-weekend-bag/08-ultraslim-tablet/</link>
		<pubDate>Tue, 28 Jan 2014 13:14:57 +0000</pubDate>
		<dc:creator><![CDATA[admin]]></dc:creator>
		<guid isPermaLink="false">http://demo.qodeinteractive.com/bridge26/wp-content/uploads/2013/10/08-Ultraslim-Tablet.jpg</guid>
		<description></description>
		<content:encoded><![CDATA[]]></content:encoded>
		<excerpt:encoded><![CDATA[]]></excerpt:encoded>
		<wp:post_id>9076</wp:post_id>
		<wp:post_date>2014-01-28 13:14:57</wp:post_date>
		<wp:post_date_gmt>2014-01-28 13:14:57</wp:post_date_gmt>
		<wp:comment_status>open</wp:comment_status>
		<wp:ping_status>open</wp:ping_status>
		<wp:post_name>08-ultraslim-tablet</wp:post_name>
		<wp:status>inherit</wp:status>
		<wp:post_parent>521</wp:post_parent>
		<wp:menu_order>0</wp:menu_order>
		<wp:post_type>attachment</wp:post_type>
		<wp:post_password></wp:post_password>
		<wp:is_sticky>0</wp:is_sticky>
		<wp:attachment_url>http://demo.qodeinteractive.com/bridge26/wp-content/uploads/2013/10/08-Ultraslim-Tablet.jpg</wp:attachment_url>
		<wp:postmeta>
			<wp:meta_key>_wp_attached_file</wp:meta_key>
			<wp:meta_value><![CDATA[2013/10/08-Ultraslim-Tablet.jpg]]></wp:meta_value>
		</wp:postmeta>
		<wp:postmeta>
			<wp:meta_key>_wp_attachment_metadata</wp:meta_key>
			<wp:meta_value><![CDATA[a:5:{s:5:"width";i:540;s:6:"height";i:396;s:4:"file";s:31:"2013/10/08-Ultraslim-Tablet.jpg";s:5:"sizes";a:11:{s:9:"thumbnail";a:4:{s:4:"file";s:31:"08-Ultraslim-Tablet-150x150.jpg";s:5:"width";i:150;s:6:"height";i:150;s:9:"mime-type";s:10:"image/jpeg";}s:6:"medium";a:4:{s:4:"file";s:31:"08-Ultraslim-Tablet-300x220.jpg";s:5:"width";i:300;s:6:"height";i:220;s:9:"mime-type";s:10:"image/jpeg";}s:18:"menu-featured-post";a:4:{s:4:"file";s:31:"08-Ultraslim-Tablet-345x198.jpg";s:5:"width";i:345;s:6:"height";i:198;s:9:"mime-type";s:10:"image/jpeg";}s:20:"qode-carousel_slider";a:4:{s:4:"file";s:31:"08-Ultraslim-Tablet-400x260.jpg";s:5:"width";i:400;s:6:"height";i:260;s:9:"mime-type";s:10:"image/jpeg";}s:16:"portfolio_slider";a:4:{s:4:"file";s:31:"08-Ultraslim-Tablet-480x320.jpg";s:5:"width";i:480;s:6:"height";i:320;s:9:"mime-type";s:10:"image/jpeg";}s:25:"portfolio_masonry_regular";a:4:{s:4:"file";s:31:"08-Ultraslim-Tablet-500x396.jpg";s:5:"width";i:500;s:6:"height";i:396;s:9:"mime-type";s:10:"image/jpeg";}s:22:"portfolio_masonry_tall";a:4:{s:4:"file";s:31:"08-Ultraslim-Tablet-500x396.jpg";s:5:"width";i:500;s:6:"height";i:396;s:9:"mime-type";s:10:"image/jpeg";}s:17:"latest_post_boxes";a:4:{s:4:"file";s:31:"08-Ultraslim-Tablet-539x303.jpg";s:5:"width";i:539;s:6:"height";i:303;s:9:"mime-type";s:10:"image/jpeg";}s:14:"shop_thumbnail";a:4:{s:4:"file";s:31:"08-Ultraslim-Tablet-170x125.jpg";s:5:"width";i:170;s:6:"height";i:125;s:9:"mime-type";s:10:"image/jpeg";}s:12:"shop_catalog";a:4:{s:4:"file";s:31:"08-Ultraslim-Tablet-298x219.jpg";s:5:"width";i:298;s:6:"height";i:219;s:9:"mime-type";s:10:"image/jpeg";}s:11:"shop_single";a:4:{s:4:"file";s:31:"08-Ultraslim-Tablet-540x396.jpg";s:5:"width";i:540;s:6:"height";i:396;s:9:"mime-type";s:10:"image/jpeg";}}s:10:"image_meta";a:10:{s:8:"aperture";i:0;s:6:"credit";s:0:"";s:6:"camera";s:0:"";s:7:"caption";s:0:"";s:17:"created_timestamp";i:0;s:9:"copyright";s:0:"";s:12:"focal_length";i:0;s:3:"iso";i:0;s:13:"shutter_speed";i:0;s:5:"title";s:0:"";}}]]></wp:meta_value>
		</wp:postmeta>
		<wp:postmeta>
			<wp:meta_key>_wp_attachment_image_alt</wp:meta_key>
			<wp:meta_value><![CDATA[qode interactive strata]]></wp:meta_value>
		</wp:postmeta>
		<wp:postmeta>
			<wp:meta_key>_edit_last</wp:meta_key>
			<wp:meta_value><![CDATA[1]]></wp:meta_value>
		</wp:postmeta>
	</item>

	<item>
				<title>07 Smartphone Watch</title>
		<link>http://demo.qodeinteractive.com/bridge26/product/vintage-handbag/07-smartphone-watch/</link>
		<pubDate>Tue, 28 Jan 2014 13:15:41 +0000</pubDate>
		<dc:creator><![CDATA[admin]]></dc:creator>
		<guid isPermaLink="false">http://demo.qodeinteractive.com/bridge26/wp-content/uploads/2013/10/07-Smartphone-Watch.jpg</guid>
		<description></description>
		<content:encoded><![CDATA[]]></content:encoded>
		<excerpt:encoded><![CDATA[]]></excerpt:encoded>
		<wp:post_id>9077</wp:post_id>
		<wp:post_date>2014-01-28 13:15:41</wp:post_date>
		<wp:post_date_gmt>2014-01-28 13:15:41</wp:post_date_gmt>
		<wp:comment_status>open</wp:comment_status>
		<wp:ping_status>open</wp:ping_status>
		<wp:post_name>07-smartphone-watch</wp:post_name>
		<wp:status>inherit</wp:status>
		<wp:post_parent>518</wp:post_parent>
		<wp:menu_order>0</wp:menu_order>
		<wp:post_type>attachment</wp:post_type>
		<wp:post_password></wp:post_password>
		<wp:is_sticky>0</wp:is_sticky>
		<wp:attachment_url>http://demo.qodeinteractive.com/bridge26/wp-content/uploads/2013/10/07-Smartphone-Watch.jpg</wp:attachment_url>
		<wp:postmeta>
			<wp:meta_key>_wp_attached_file</wp:meta_key>
			<wp:meta_value><![CDATA[2013/10/07-Smartphone-Watch.jpg]]></wp:meta_value>
		</wp:postmeta>
		<wp:postmeta>
			<wp:meta_key>_wp_attachment_metadata</wp:meta_key>
			<wp:meta_value><![CDATA[a:5:{s:5:"width";i:540;s:6:"height";i:396;s:4:"file";s:31:"2013/10/07-Smartphone-Watch.jpg";s:5:"sizes";a:11:{s:9:"thumbnail";a:4:{s:4:"file";s:31:"07-Smartphone-Watch-150x150.jpg";s:5:"width";i:150;s:6:"height";i:150;s:9:"mime-type";s:10:"image/jpeg";}s:6:"medium";a:4:{s:4:"file";s:31:"07-Smartphone-Watch-300x220.jpg";s:5:"width";i:300;s:6:"height";i:220;s:9:"mime-type";s:10:"image/jpeg";}s:18:"menu-featured-post";a:4:{s:4:"file";s:31:"07-Smartphone-Watch-345x198.jpg";s:5:"width";i:345;s:6:"height";i:198;s:9:"mime-type";s:10:"image/jpeg";}s:20:"qode-carousel_slider";a:4:{s:4:"file";s:31:"07-Smartphone-Watch-400x260.jpg";s:5:"width";i:400;s:6:"height";i:260;s:9:"mime-type";s:10:"image/jpeg";}s:16:"portfolio_slider";a:4:{s:4:"file";s:31:"07-Smartphone-Watch-480x320.jpg";s:5:"width";i:480;s:6:"height";i:320;s:9:"mime-type";s:10:"image/jpeg";}s:25:"portfolio_masonry_regular";a:4:{s:4:"file";s:31:"07-Smartphone-Watch-500x396.jpg";s:5:"width";i:500;s:6:"height";i:396;s:9:"mime-type";s:10:"image/jpeg";}s:22:"portfolio_masonry_tall";a:4:{s:4:"file";s:31:"07-Smartphone-Watch-500x396.jpg";s:5:"width";i:500;s:6:"height";i:396;s:9:"mime-type";s:10:"image/jpeg";}s:17:"latest_post_boxes";a:4:{s:4:"file";s:31:"07-Smartphone-Watch-539x303.jpg";s:5:"width";i:539;s:6:"height";i:303;s:9:"mime-type";s:10:"image/jpeg";}s:14:"shop_thumbnail";a:4:{s:4:"file";s:31:"07-Smartphone-Watch-170x125.jpg";s:5:"width";i:170;s:6:"height";i:125;s:9:"mime-type";s:10:"image/jpeg";}s:12:"shop_catalog";a:4:{s:4:"file";s:31:"07-Smartphone-Watch-298x219.jpg";s:5:"width";i:298;s:6:"height";i:219;s:9:"mime-type";s:10:"image/jpeg";}s:11:"shop_single";a:4:{s:4:"file";s:31:"07-Smartphone-Watch-540x396.jpg";s:5:"width";i:540;s:6:"height";i:396;s:9:"mime-type";s:10:"image/jpeg";}}s:10:"image_meta";a:10:{s:8:"aperture";i:0;s:6:"credit";s:0:"";s:6:"camera";s:0:"";s:7:"caption";s:0:"";s:17:"created_timestamp";i:0;s:9:"copyright";s:0:"";s:12:"focal_length";i:0;s:3:"iso";i:0;s:13:"shutter_speed";i:0;s:5:"title";s:0:"";}}]]></wp:meta_value>
		</wp:postmeta>
		<wp:postmeta>
			<wp:meta_key>_wp_attachment_image_alt</wp:meta_key>
			<wp:meta_value><![CDATA[qode interactive strata]]></wp:meta_value>
		</wp:postmeta>
		<wp:postmeta>
			<wp:meta_key>_edit_last</wp:meta_key>
			<wp:meta_value><![CDATA[1]]></wp:meta_value>
		</wp:postmeta>
	</item>

	<item>
				<title>06 Unibody Smartphone</title>
		<link>http://demo.qodeinteractive.com/bridge26/product/travel-leather-bag/06-unibody-smartphone/</link>
		<pubDate>Tue, 28 Jan 2014 13:16:54 +0000</pubDate>
		<dc:creator><![CDATA[admin]]></dc:creator>
		<guid isPermaLink="false">http://demo.qodeinteractive.com/bridge26/wp-content/uploads/2013/10/06-Unibody-Smartphone.jpg</guid>
		<description></description>
		<content:encoded><![CDATA[]]></content:encoded>
		<excerpt:encoded><![CDATA[]]></excerpt:encoded>
		<wp:post_id>9078</wp:post_id>
		<wp:post_date>2014-01-28 13:16:54</wp:post_date>
		<wp:post_date_gmt>2014-01-28 13:16:54</wp:post_date_gmt>
		<wp:comment_status>open</wp:comment_status>
		<wp:ping_status>open</wp:ping_status>
		<wp:post_name>06-unibody-smartphone</wp:post_name>
		<wp:status>inherit</wp:status>
		<wp:post_parent>517</wp:post_parent>
		<wp:menu_order>0</wp:menu_order>
		<wp:post_type>attachment</wp:post_type>
		<wp:post_password></wp:post_password>
		<wp:is_sticky>0</wp:is_sticky>
		<wp:attachment_url>http://demo.qodeinteractive.com/bridge26/wp-content/uploads/2013/10/06-Unibody-Smartphone.jpg</wp:attachment_url>
		<wp:postmeta>
			<wp:meta_key>_wp_attached_file</wp:meta_key>
			<wp:meta_value><![CDATA[2013/10/06-Unibody-Smartphone.jpg]]></wp:meta_value>
		</wp:postmeta>
		<wp:postmeta>
			<wp:meta_key>_wp_attachment_metadata</wp:meta_key>
			<wp:meta_value><![CDATA[a:5:{s:5:"width";i:540;s:6:"height";i:396;s:4:"file";s:33:"2013/10/06-Unibody-Smartphone.jpg";s:5:"sizes";a:11:{s:9:"thumbnail";a:4:{s:4:"file";s:33:"06-Unibody-Smartphone-150x150.jpg";s:5:"width";i:150;s:6:"height";i:150;s:9:"mime-type";s:10:"image/jpeg";}s:6:"medium";a:4:{s:4:"file";s:33:"06-Unibody-Smartphone-300x220.jpg";s:5:"width";i:300;s:6:"height";i:220;s:9:"mime-type";s:10:"image/jpeg";}s:18:"menu-featured-post";a:4:{s:4:"file";s:33:"06-Unibody-Smartphone-345x198.jpg";s:5:"width";i:345;s:6:"height";i:198;s:9:"mime-type";s:10:"image/jpeg";}s:20:"qode-carousel_slider";a:4:{s:4:"file";s:33:"06-Unibody-Smartphone-400x260.jpg";s:5:"width";i:400;s:6:"height";i:260;s:9:"mime-type";s:10:"image/jpeg";}s:16:"portfolio_slider";a:4:{s:4:"file";s:33:"06-Unibody-Smartphone-480x320.jpg";s:5:"width";i:480;s:6:"height";i:320;s:9:"mime-type";s:10:"image/jpeg";}s:25:"portfolio_masonry_regular";a:4:{s:4:"file";s:33:"06-Unibody-Smartphone-500x396.jpg";s:5:"width";i:500;s:6:"height";i:396;s:9:"mime-type";s:10:"image/jpeg";}s:22:"portfolio_masonry_tall";a:4:{s:4:"file";s:33:"06-Unibody-Smartphone-500x396.jpg";s:5:"width";i:500;s:6:"height";i:396;s:9:"mime-type";s:10:"image/jpeg";}s:17:"latest_post_boxes";a:4:{s:4:"file";s:33:"06-Unibody-Smartphone-539x303.jpg";s:5:"width";i:539;s:6:"height";i:303;s:9:"mime-type";s:10:"image/jpeg";}s:14:"shop_thumbnail";a:4:{s:4:"file";s:33:"06-Unibody-Smartphone-170x125.jpg";s:5:"width";i:170;s:6:"height";i:125;s:9:"mime-type";s:10:"image/jpeg";}s:12:"shop_catalog";a:4:{s:4:"file";s:33:"06-Unibody-Smartphone-298x219.jpg";s:5:"width";i:298;s:6:"height";i:219;s:9:"mime-type";s:10:"image/jpeg";}s:11:"shop_single";a:4:{s:4:"file";s:33:"06-Unibody-Smartphone-540x396.jpg";s:5:"width";i:540;s:6:"height";i:396;s:9:"mime-type";s:10:"image/jpeg";}}s:10:"image_meta";a:10:{s:8:"aperture";i:0;s:6:"credit";s:0:"";s:6:"camera";s:0:"";s:7:"caption";s:0:"";s:17:"created_timestamp";i:0;s:9:"copyright";s:0:"";s:12:"focal_length";i:0;s:3:"iso";i:0;s:13:"shutter_speed";i:0;s:5:"title";s:0:"";}}]]></wp:meta_value>
		</wp:postmeta>
		<wp:postmeta>
			<wp:meta_key>_wp_attachment_image_alt</wp:meta_key>
			<wp:meta_value><![CDATA[qode interactive strata]]></wp:meta_value>
		</wp:postmeta>
		<wp:postmeta>
			<wp:meta_key>_edit_last</wp:meta_key>
			<wp:meta_value><![CDATA[1]]></wp:meta_value>
		</wp:postmeta>
	</item>

	<item>
				<title>05 Wireless Headphones</title>
		<link>http://demo.qodeinteractive.com/bridge26/product/vintage-travel-bag/05-wireless-headphones/</link>
		<pubDate>Tue, 28 Jan 2014 13:17:39 +0000</pubDate>
		<dc:creator><![CDATA[admin]]></dc:creator>
		<guid isPermaLink="false">http://demo.qodeinteractive.com/bridge26/wp-content/uploads/2013/10/05-Wireless-Headphones.jpg</guid>
		<description></description>
		<content:encoded><![CDATA[]]></content:encoded>
		<excerpt:encoded><![CDATA[]]></excerpt:encoded>
		<wp:post_id>9079</wp:post_id>
		<wp:post_date>2014-01-28 13:17:39</wp:post_date>
		<wp:post_date_gmt>2014-01-28 13:17:39</wp:post_date_gmt>
		<wp:comment_status>open</wp:comment_status>
		<wp:ping_status>open</wp:ping_status>
		<wp:post_name>05-wireless-headphones</wp:post_name>
		<wp:status>inherit</wp:status>
		<wp:post_parent>513</wp:post_parent>
		<wp:menu_order>0</wp:menu_order>
		<wp:post_type>attachment</wp:post_type>
		<wp:post_password></wp:post_password>
		<wp:is_sticky>0</wp:is_sticky>
		<wp:attachment_url>http://demo.qodeinteractive.com/bridge26/wp-content/uploads/2013/10/05-Wireless-Headphones.jpg</wp:attachment_url>
		<wp:postmeta>
			<wp:meta_key>_wp_attached_file</wp:meta_key>
			<wp:meta_value><![CDATA[2013/10/05-Wireless-Headphones.jpg]]></wp:meta_value>
		</wp:postmeta>
		<wp:postmeta>
			<wp:meta_key>_wp_attachment_metadata</wp:meta_key>
			<wp:meta_value><![CDATA[a:5:{s:5:"width";i:540;s:6:"height";i:396;s:4:"file";s:34:"2013/10/05-Wireless-Headphones.jpg";s:5:"sizes";a:11:{s:9:"thumbnail";a:4:{s:4:"file";s:34:"05-Wireless-Headphones-150x150.jpg";s:5:"width";i:150;s:6:"height";i:150;s:9:"mime-type";s:10:"image/jpeg";}s:6:"medium";a:4:{s:4:"file";s:34:"05-Wireless-Headphones-300x220.jpg";s:5:"width";i:300;s:6:"height";i:220;s:9:"mime-type";s:10:"image/jpeg";}s:18:"menu-featured-post";a:4:{s:4:"file";s:34:"05-Wireless-Headphones-345x198.jpg";s:5:"width";i:345;s:6:"height";i:198;s:9:"mime-type";s:10:"image/jpeg";}s:20:"qode-carousel_slider";a:4:{s:4:"file";s:34:"05-Wireless-Headphones-400x260.jpg";s:5:"width";i:400;s:6:"height";i:260;s:9:"mime-type";s:10:"image/jpeg";}s:16:"portfolio_slider";a:4:{s:4:"file";s:34:"05-Wireless-Headphones-480x320.jpg";s:5:"width";i:480;s:6:"height";i:320;s:9:"mime-type";s:10:"image/jpeg";}s:25:"portfolio_masonry_regular";a:4:{s:4:"file";s:34:"05-Wireless-Headphones-500x396.jpg";s:5:"width";i:500;s:6:"height";i:396;s:9:"mime-type";s:10:"image/jpeg";}s:22:"portfolio_masonry_tall";a:4:{s:4:"file";s:34:"05-Wireless-Headphones-500x396.jpg";s:5:"width";i:500;s:6:"height";i:396;s:9:"mime-type";s:10:"image/jpeg";}s:17:"latest_post_boxes";a:4:{s:4:"file";s:34:"05-Wireless-Headphones-539x303.jpg";s:5:"width";i:539;s:6:"height";i:303;s:9:"mime-type";s:10:"image/jpeg";}s:14:"shop_thumbnail";a:4:{s:4:"file";s:34:"05-Wireless-Headphones-170x125.jpg";s:5:"width";i:170;s:6:"height";i:125;s:9:"mime-type";s:10:"image/jpeg";}s:12:"shop_catalog";a:4:{s:4:"file";s:34:"05-Wireless-Headphones-298x219.jpg";s:5:"width";i:298;s:6:"height";i:219;s:9:"mime-type";s:10:"image/jpeg";}s:11:"shop_single";a:4:{s:4:"file";s:34:"05-Wireless-Headphones-540x396.jpg";s:5:"width";i:540;s:6:"height";i:396;s:9:"mime-type";s:10:"image/jpeg";}}s:10:"image_meta";a:10:{s:8:"aperture";i:0;s:6:"credit";s:0:"";s:6:"camera";s:0:"";s:7:"caption";s:0:"";s:17:"created_timestamp";i:0;s:9:"copyright";s:0:"";s:12:"focal_length";i:0;s:3:"iso";i:0;s:13:"shutter_speed";i:0;s:5:"title";s:0:"";}}]]></wp:meta_value>
		</wp:postmeta>
		<wp:postmeta>
			<wp:meta_key>_wp_attachment_image_alt</wp:meta_key>
			<wp:meta_value><![CDATA[qode interactive strata]]></wp:meta_value>
		</wp:postmeta>
		<wp:postmeta>
			<wp:meta_key>_edit_last</wp:meta_key>
			<wp:meta_value><![CDATA[1]]></wp:meta_value>
		</wp:postmeta>
	</item>

	<item>
				<title>04 47&#039;&#039; Cinema 3D LED TV</title>
		<link>http://demo.qodeinteractive.com/bridge26/product/smartphone-cover/04-47-cinema-3d-led-tv/</link>
		<pubDate>Tue, 28 Jan 2014 13:18:44 +0000</pubDate>
		<dc:creator><![CDATA[admin]]></dc:creator>
		<guid isPermaLink="false">http://demo.qodeinteractive.com/bridge26/wp-content/uploads/2013/10/04-47-Cinema-3D-LED-TV.jpg</guid>
		<description></description>
		<content:encoded><![CDATA[]]></content:encoded>
		<excerpt:encoded><![CDATA[]]></excerpt:encoded>
		<wp:post_id>9080</wp:post_id>
		<wp:post_date>2014-01-28 13:18:44</wp:post_date>
		<wp:post_date_gmt>2014-01-28 13:18:44</wp:post_date_gmt>
		<wp:comment_status>open</wp:comment_status>
		<wp:ping_status>open</wp:ping_status>
		<wp:post_name>04-47-cinema-3d-led-tv</wp:post_name>
		<wp:status>inherit</wp:status>
		<wp:post_parent>509</wp:post_parent>
		<wp:menu_order>0</wp:menu_order>
		<wp:post_type>attachment</wp:post_type>
		<wp:post_password></wp:post_password>
		<wp:is_sticky>0</wp:is_sticky>
		<wp:attachment_url>http://demo.qodeinteractive.com/bridge26/wp-content/uploads/2013/10/04-47-Cinema-3D-LED-TV.jpg</wp:attachment_url>
		<wp:postmeta>
			<wp:meta_key>_wp_attached_file</wp:meta_key>
			<wp:meta_value><![CDATA[2013/10/04-47-Cinema-3D-LED-TV.jpg]]></wp:meta_value>
		</wp:postmeta>
		<wp:postmeta>
			<wp:meta_key>_wp_attachment_metadata</wp:meta_key>
			<wp:meta_value><![CDATA[a:5:{s:5:"width";i:540;s:6:"height";i:396;s:4:"file";s:34:"2013/10/04-47-Cinema-3D-LED-TV.jpg";s:5:"sizes";a:11:{s:9:"thumbnail";a:4:{s:4:"file";s:34:"04-47-Cinema-3D-LED-TV-150x150.jpg";s:5:"width";i:150;s:6:"height";i:150;s:9:"mime-type";s:10:"image/jpeg";}s:6:"medium";a:4:{s:4:"file";s:34:"04-47-Cinema-3D-LED-TV-300x220.jpg";s:5:"width";i:300;s:6:"height";i:220;s:9:"mime-type";s:10:"image/jpeg";}s:18:"menu-featured-post";a:4:{s:4:"file";s:34:"04-47-Cinema-3D-LED-TV-345x198.jpg";s:5:"width";i:345;s:6:"height";i:198;s:9:"mime-type";s:10:"image/jpeg";}s:20:"qode-carousel_slider";a:4:{s:4:"file";s:34:"04-47-Cinema-3D-LED-TV-400x260.jpg";s:5:"width";i:400;s:6:"height";i:260;s:9:"mime-type";s:10:"image/jpeg";}s:16:"portfolio_slider";a:4:{s:4:"file";s:34:"04-47-Cinema-3D-LED-TV-480x320.jpg";s:5:"width";i:480;s:6:"height";i:320;s:9:"mime-type";s:10:"image/jpeg";}s:25:"portfolio_masonry_regular";a:4:{s:4:"file";s:34:"04-47-Cinema-3D-LED-TV-500x396.jpg";s:5:"width";i:500;s:6:"height";i:396;s:9:"mime-type";s:10:"image/jpeg";}s:22:"portfolio_masonry_tall";a:4:{s:4:"file";s:34:"04-47-Cinema-3D-LED-TV-500x396.jpg";s:5:"width";i:500;s:6:"height";i:396;s:9:"mime-type";s:10:"image/jpeg";}s:17:"latest_post_boxes";a:4:{s:4:"file";s:34:"04-47-Cinema-3D-LED-TV-539x303.jpg";s:5:"width";i:539;s:6:"height";i:303;s:9:"mime-type";s:10:"image/jpeg";}s:14:"shop_thumbnail";a:4:{s:4:"file";s:34:"04-47-Cinema-3D-LED-TV-170x125.jpg";s:5:"width";i:170;s:6:"height";i:125;s:9:"mime-type";s:10:"image/jpeg";}s:12:"shop_catalog";a:4:{s:4:"file";s:34:"04-47-Cinema-3D-LED-TV-298x219.jpg";s:5:"width";i:298;s:6:"height";i:219;s:9:"mime-type";s:10:"image/jpeg";}s:11:"shop_single";a:4:{s:4:"file";s:34:"04-47-Cinema-3D-LED-TV-540x396.jpg";s:5:"width";i:540;s:6:"height";i:396;s:9:"mime-type";s:10:"image/jpeg";}}s:10:"image_meta";a:10:{s:8:"aperture";i:0;s:6:"credit";s:0:"";s:6:"camera";s:0:"";s:7:"caption";s:0:"";s:17:"created_timestamp";i:0;s:9:"copyright";s:0:"";s:12:"focal_length";i:0;s:3:"iso";i:0;s:13:"shutter_speed";i:0;s:5:"title";s:0:"";}}]]></wp:meta_value>
		</wp:postmeta>
		<wp:postmeta>
			<wp:meta_key>_wp_attachment_image_alt</wp:meta_key>
			<wp:meta_value><![CDATA[qode interactive strata]]></wp:meta_value>
		</wp:postmeta>
		<wp:postmeta>
			<wp:meta_key>_edit_last</wp:meta_key>
			<wp:meta_value><![CDATA[1]]></wp:meta_value>
		</wp:postmeta>
	</item>

	<item>
				<title>03 Ultralight laptop computer</title>
		<link>http://demo.qodeinteractive.com/bridge26/product/leather-briefcase/03-ultralight-laptop-computer/</link>
		<pubDate>Tue, 28 Jan 2014 13:19:35 +0000</pubDate>
		<dc:creator><![CDATA[admin]]></dc:creator>
		<guid isPermaLink="false">http://demo.qodeinteractive.com/bridge26/wp-content/uploads/2013/10/03-Ultralight-laptop-computer.jpg</guid>
		<description></description>
		<content:encoded><![CDATA[]]></content:encoded>
		<excerpt:encoded><![CDATA[]]></excerpt:encoded>
		<wp:post_id>9081</wp:post_id>
		<wp:post_date>2014-01-28 13:19:35</wp:post_date>
		<wp:post_date_gmt>2014-01-28 13:19:35</wp:post_date_gmt>
		<wp:comment_status>open</wp:comment_status>
		<wp:ping_status>open</wp:ping_status>
		<wp:post_name>03-ultralight-laptop-computer</wp:post_name>
		<wp:status>inherit</wp:status>
		<wp:post_parent>506</wp:post_parent>
		<wp:menu_order>0</wp:menu_order>
		<wp:post_type>attachment</wp:post_type>
		<wp:post_password></wp:post_password>
		<wp:is_sticky>0</wp:is_sticky>
		<wp:attachment_url>http://demo.qodeinteractive.com/bridge26/wp-content/uploads/2013/10/03-Ultralight-laptop-computer.jpg</wp:attachment_url>
		<wp:postmeta>
			<wp:meta_key>_wp_attached_file</wp:meta_key>
			<wp:meta_value><![CDATA[2013/10/03-Ultralight-laptop-computer.jpg]]></wp:meta_value>
		</wp:postmeta>
		<wp:postmeta>
			<wp:meta_key>_wp_attachment_metadata</wp:meta_key>
			<wp:meta_value><![CDATA[a:5:{s:5:"width";i:540;s:6:"height";i:396;s:4:"file";s:41:"2013/10/03-Ultralight-laptop-computer.jpg";s:5:"sizes";a:11:{s:9:"thumbnail";a:4:{s:4:"file";s:41:"03-Ultralight-laptop-computer-150x150.jpg";s:5:"width";i:150;s:6:"height";i:150;s:9:"mime-type";s:10:"image/jpeg";}s:6:"medium";a:4:{s:4:"file";s:41:"03-Ultralight-laptop-computer-300x220.jpg";s:5:"width";i:300;s:6:"height";i:220;s:9:"mime-type";s:10:"image/jpeg";}s:18:"menu-featured-post";a:4:{s:4:"file";s:41:"03-Ultralight-laptop-computer-345x198.jpg";s:5:"width";i:345;s:6:"height";i:198;s:9:"mime-type";s:10:"image/jpeg";}s:20:"qode-carousel_slider";a:4:{s:4:"file";s:41:"03-Ultralight-laptop-computer-400x260.jpg";s:5:"width";i:400;s:6:"height";i:260;s:9:"mime-type";s:10:"image/jpeg";}s:16:"portfolio_slider";a:4:{s:4:"file";s:41:"03-Ultralight-laptop-computer-480x320.jpg";s:5:"width";i:480;s:6:"height";i:320;s:9:"mime-type";s:10:"image/jpeg";}s:25:"portfolio_masonry_regular";a:4:{s:4:"file";s:41:"03-Ultralight-laptop-computer-500x396.jpg";s:5:"width";i:500;s:6:"height";i:396;s:9:"mime-type";s:10:"image/jpeg";}s:22:"portfolio_masonry_tall";a:4:{s:4:"file";s:41:"03-Ultralight-laptop-computer-500x396.jpg";s:5:"width";i:500;s:6:"height";i:396;s:9:"mime-type";s:10:"image/jpeg";}s:17:"latest_post_boxes";a:4:{s:4:"file";s:41:"03-Ultralight-laptop-computer-539x303.jpg";s:5:"width";i:539;s:6:"height";i:303;s:9:"mime-type";s:10:"image/jpeg";}s:14:"shop_thumbnail";a:4:{s:4:"file";s:41:"03-Ultralight-laptop-computer-170x125.jpg";s:5:"width";i:170;s:6:"height";i:125;s:9:"mime-type";s:10:"image/jpeg";}s:12:"shop_catalog";a:4:{s:4:"file";s:41:"03-Ultralight-laptop-computer-298x219.jpg";s:5:"width";i:298;s:6:"height";i:219;s:9:"mime-type";s:10:"image/jpeg";}s:11:"shop_single";a:4:{s:4:"file";s:41:"03-Ultralight-laptop-computer-540x396.jpg";s:5:"width";i:540;s:6:"height";i:396;s:9:"mime-type";s:10:"image/jpeg";}}s:10:"image_meta";a:10:{s:8:"aperture";i:0;s:6:"credit";s:0:"";s:6:"camera";s:0:"";s:7:"caption";s:0:"";s:17:"created_timestamp";i:0;s:9:"copyright";s:0:"";s:12:"focal_length";i:0;s:3:"iso";i:0;s:13:"shutter_speed";i:0;s:5:"title";s:0:"";}}]]></wp:meta_value>
		</wp:postmeta>
		<wp:postmeta>
			<wp:meta_key>_wp_attachment_image_alt</wp:meta_key>
			<wp:meta_value><![CDATA[qode interactive strata]]></wp:meta_value>
		</wp:postmeta>
		<wp:postmeta>
			<wp:meta_key>_edit_last</wp:meta_key>
			<wp:meta_value><![CDATA[1]]></wp:meta_value>
		</wp:postmeta>
	</item>

	<item>
				<title>02 Unibody Time Capsule</title>
		<link>http://demo.qodeinteractive.com/bridge26/product/laptop-leather-sleeve/02-unibody-time-capsule/</link>
		<pubDate>Tue, 28 Jan 2014 13:20:34 +0000</pubDate>
		<dc:creator><![CDATA[admin]]></dc:creator>
		<guid isPermaLink="false">http://demo.qodeinteractive.com/bridge26/wp-content/uploads/2013/10/02-Unibody-Time-Capsule.jpg</guid>
		<description></description>
		<content:encoded><![CDATA[]]></content:encoded>
		<excerpt:encoded><![CDATA[]]></excerpt:encoded>
		<wp:post_id>9082</wp:post_id>
		<wp:post_date>2014-01-28 13:20:34</wp:post_date>
		<wp:post_date_gmt>2014-01-28 13:20:34</wp:post_date_gmt>
		<wp:comment_status>open</wp:comment_status>
		<wp:ping_status>open</wp:ping_status>
		<wp:post_name>02-unibody-time-capsule</wp:post_name>
		<wp:status>inherit</wp:status>
		<wp:post_parent>504</wp:post_parent>
		<wp:menu_order>0</wp:menu_order>
		<wp:post_type>attachment</wp:post_type>
		<wp:post_password></wp:post_password>
		<wp:is_sticky>0</wp:is_sticky>
		<wp:attachment_url>http://demo.qodeinteractive.com/bridge26/wp-content/uploads/2013/10/02-Unibody-Time-Capsule.jpg</wp:attachment_url>
		<wp:postmeta>
			<wp:meta_key>_wp_attached_file</wp:meta_key>
			<wp:meta_value><![CDATA[2013/10/02-Unibody-Time-Capsule.jpg]]></wp:meta_value>
		</wp:postmeta>
		<wp:postmeta>
			<wp:meta_key>_wp_attachment_metadata</wp:meta_key>
			<wp:meta_value><![CDATA[a:5:{s:5:"width";i:540;s:6:"height";i:396;s:4:"file";s:35:"2013/10/02-Unibody-Time-Capsule.jpg";s:5:"sizes";a:11:{s:9:"thumbnail";a:4:{s:4:"file";s:35:"02-Unibody-Time-Capsule-150x150.jpg";s:5:"width";i:150;s:6:"height";i:150;s:9:"mime-type";s:10:"image/jpeg";}s:6:"medium";a:4:{s:4:"file";s:35:"02-Unibody-Time-Capsule-300x220.jpg";s:5:"width";i:300;s:6:"height";i:220;s:9:"mime-type";s:10:"image/jpeg";}s:18:"menu-featured-post";a:4:{s:4:"file";s:35:"02-Unibody-Time-Capsule-345x198.jpg";s:5:"width";i:345;s:6:"height";i:198;s:9:"mime-type";s:10:"image/jpeg";}s:20:"qode-carousel_slider";a:4:{s:4:"file";s:35:"02-Unibody-Time-Capsule-400x260.jpg";s:5:"width";i:400;s:6:"height";i:260;s:9:"mime-type";s:10:"image/jpeg";}s:16:"portfolio_slider";a:4:{s:4:"file";s:35:"02-Unibody-Time-Capsule-480x320.jpg";s:5:"width";i:480;s:6:"height";i:320;s:9:"mime-type";s:10:"image/jpeg";}s:25:"portfolio_masonry_regular";a:4:{s:4:"file";s:35:"02-Unibody-Time-Capsule-500x396.jpg";s:5:"width";i:500;s:6:"height";i:396;s:9:"mime-type";s:10:"image/jpeg";}s:22:"portfolio_masonry_tall";a:4:{s:4:"file";s:35:"02-Unibody-Time-Capsule-500x396.jpg";s:5:"width";i:500;s:6:"height";i:396;s:9:"mime-type";s:10:"image/jpeg";}s:17:"latest_post_boxes";a:4:{s:4:"file";s:35:"02-Unibody-Time-Capsule-539x303.jpg";s:5:"width";i:539;s:6:"height";i:303;s:9:"mime-type";s:10:"image/jpeg";}s:14:"shop_thumbnail";a:4:{s:4:"file";s:35:"02-Unibody-Time-Capsule-170x125.jpg";s:5:"width";i:170;s:6:"height";i:125;s:9:"mime-type";s:10:"image/jpeg";}s:12:"shop_catalog";a:4:{s:4:"file";s:35:"02-Unibody-Time-Capsule-298x219.jpg";s:5:"width";i:298;s:6:"height";i:219;s:9:"mime-type";s:10:"image/jpeg";}s:11:"shop_single";a:4:{s:4:"file";s:35:"02-Unibody-Time-Capsule-540x396.jpg";s:5:"width";i:540;s:6:"height";i:396;s:9:"mime-type";s:10:"image/jpeg";}}s:10:"image_meta";a:10:{s:8:"aperture";i:0;s:6:"credit";s:0:"";s:6:"camera";s:0:"";s:7:"caption";s:0:"";s:17:"created_timestamp";i:0;s:9:"copyright";s:0:"";s:12:"focal_length";i:0;s:3:"iso";i:0;s:13:"shutter_speed";i:0;s:5:"title";s:0:"";}}]]></wp:meta_value>
		</wp:postmeta>
		<wp:postmeta>
			<wp:meta_key>_wp_attachment_image_alt</wp:meta_key>
			<wp:meta_value><![CDATA[qode interactive strata]]></wp:meta_value>
		</wp:postmeta>
		<wp:postmeta>
			<wp:meta_key>_edit_last</wp:meta_key>
			<wp:meta_value><![CDATA[1]]></wp:meta_value>
		</wp:postmeta>
	</item>

	<item>
				<title>01 Premium Gold Smartphone</title>
		<link>http://demo.qodeinteractive.com/bridge26/product/leather-wallet/01-premium-gold-smartphone/</link>
		<pubDate>Tue, 28 Jan 2014 13:21:16 +0000</pubDate>
		<dc:creator><![CDATA[admin]]></dc:creator>
		<guid isPermaLink="false">http://demo.qodeinteractive.com/bridge26/wp-content/uploads/2013/10/01-Premium-Gold-Smartphone.jpg</guid>
		<description></description>
		<content:encoded><![CDATA[]]></content:encoded>
		<excerpt:encoded><![CDATA[]]></excerpt:encoded>
		<wp:post_id>9083</wp:post_id>
		<wp:post_date>2014-01-28 13:21:16</wp:post_date>
		<wp:post_date_gmt>2014-01-28 13:21:16</wp:post_date_gmt>
		<wp:comment_status>open</wp:comment_status>
		<wp:ping_status>open</wp:ping_status>
		<wp:post_name>01-premium-gold-smartphone</wp:post_name>
		<wp:status>inherit</wp:status>
		<wp:post_parent>501</wp:post_parent>
		<wp:menu_order>0</wp:menu_order>
		<wp:post_type>attachment</wp:post_type>
		<wp:post_password></wp:post_password>
		<wp:is_sticky>0</wp:is_sticky>
		<wp:attachment_url>http://demo.qodeinteractive.com/bridge26/wp-content/uploads/2013/10/01-Premium-Gold-Smartphone.jpg</wp:attachment_url>
		<wp:postmeta>
			<wp:meta_key>_wp_attached_file</wp:meta_key>
			<wp:meta_value><![CDATA[2013/10/01-Premium-Gold-Smartphone.jpg]]></wp:meta_value>
		</wp:postmeta>
		<wp:postmeta>
			<wp:meta_key>_wp_attachment_metadata</wp:meta_key>
			<wp:meta_value><![CDATA[a:5:{s:5:"width";i:540;s:6:"height";i:396;s:4:"file";s:38:"2013/10/01-Premium-Gold-Smartphone.jpg";s:5:"sizes";a:11:{s:9:"thumbnail";a:4:{s:4:"file";s:38:"01-Premium-Gold-Smartphone-150x150.jpg";s:5:"width";i:150;s:6:"height";i:150;s:9:"mime-type";s:10:"image/jpeg";}s:6:"medium";a:4:{s:4:"file";s:38:"01-Premium-Gold-Smartphone-300x220.jpg";s:5:"width";i:300;s:6:"height";i:220;s:9:"mime-type";s:10:"image/jpeg";}s:18:"menu-featured-post";a:4:{s:4:"file";s:38:"01-Premium-Gold-Smartphone-345x198.jpg";s:5:"width";i:345;s:6:"height";i:198;s:9:"mime-type";s:10:"image/jpeg";}s:20:"qode-carousel_slider";a:4:{s:4:"file";s:38:"01-Premium-Gold-Smartphone-400x260.jpg";s:5:"width";i:400;s:6:"height";i:260;s:9:"mime-type";s:10:"image/jpeg";}s:16:"portfolio_slider";a:4:{s:4:"file";s:38:"01-Premium-Gold-Smartphone-480x320.jpg";s:5:"width";i:480;s:6:"height";i:320;s:9:"mime-type";s:10:"image/jpeg";}s:25:"portfolio_masonry_regular";a:4:{s:4:"file";s:38:"01-Premium-Gold-Smartphone-500x396.jpg";s:5:"width";i:500;s:6:"height";i:396;s:9:"mime-type";s:10:"image/jpeg";}s:22:"portfolio_masonry_tall";a:4:{s:4:"file";s:38:"01-Premium-Gold-Smartphone-500x396.jpg";s:5:"width";i:500;s:6:"height";i:396;s:9:"mime-type";s:10:"image/jpeg";}s:17:"latest_post_boxes";a:4:{s:4:"file";s:38:"01-Premium-Gold-Smartphone-539x303.jpg";s:5:"width";i:539;s:6:"height";i:303;s:9:"mime-type";s:10:"image/jpeg";}s:14:"shop_thumbnail";a:4:{s:4:"file";s:38:"01-Premium-Gold-Smartphone-170x125.jpg";s:5:"width";i:170;s:6:"height";i:125;s:9:"mime-type";s:10:"image/jpeg";}s:12:"shop_catalog";a:4:{s:4:"file";s:38:"01-Premium-Gold-Smartphone-298x219.jpg";s:5:"width";i:298;s:6:"height";i:219;s:9:"mime-type";s:10:"image/jpeg";}s:11:"shop_single";a:4:{s:4:"file";s:38:"01-Premium-Gold-Smartphone-540x396.jpg";s:5:"width";i:540;s:6:"height";i:396;s:9:"mime-type";s:10:"image/jpeg";}}s:10:"image_meta";a:10:{s:8:"aperture";i:0;s:6:"credit";s:0:"";s:6:"camera";s:0:"";s:7:"caption";s:0:"";s:17:"created_timestamp";i:0;s:9:"copyright";s:0:"";s:12:"focal_length";i:0;s:3:"iso";i:0;s:13:"shutter_speed";i:0;s:5:"title";s:0:"";}}]]></wp:meta_value>
		</wp:postmeta>
		<wp:postmeta>
			<wp:meta_key>_wp_attachment_image_alt</wp:meta_key>
			<wp:meta_value><![CDATA[qode interactive strata]]></wp:meta_value>
		</wp:postmeta>
		<wp:postmeta>
			<wp:meta_key>_edit_last</wp:meta_key>
			<wp:meta_value><![CDATA[1]]></wp:meta_value>
		</wp:postmeta>
	</item>

	<item>
				<title>firstheartmini1</title>
		<link>http://demo.qodeinteractive.com/bridge26/?attachment_id=11996</link>
		<pubDate>Tue, 11 Feb 2014 10:45:26 +0000</pubDate>
		<dc:creator><![CDATA[admin]]></dc:creator>
		<guid isPermaLink="false">http://demo.qodeinteractive.com/bridge26/wp-content/uploads/2014/02/firstheartmini1.png</guid>
		<description></description>
		<content:encoded><![CDATA[]]></content:encoded>
		<excerpt:encoded><![CDATA[]]></excerpt:encoded>
		<wp:post_id>11996</wp:post_id>
		<wp:post_date>2014-02-11 10:45:26</wp:post_date>
		<wp:post_date_gmt>2014-02-11 10:45:26</wp:post_date_gmt>
		<wp:comment_status>open</wp:comment_status>
		<wp:ping_status>open</wp:ping_status>
		<wp:post_name>firstheartmini1</wp:post_name>
		<wp:status>inherit</wp:status>
		<wp:post_parent>0</wp:post_parent>
		<wp:menu_order>0</wp:menu_order>
		<wp:post_type>attachment</wp:post_type>
		<wp:post_password></wp:post_password>
		<wp:is_sticky>0</wp:is_sticky>
		<wp:attachment_url>http://demo.qodeinteractive.com/bridge26/wp-content/uploads/2014/02/firstheartmini1.png</wp:attachment_url>
		<wp:postmeta>
			<wp:meta_key>_wp_attached_file</wp:meta_key>
			<wp:meta_value><![CDATA[2014/02/firstheartmini1.png]]></wp:meta_value>
		</wp:postmeta>
		<wp:postmeta>
			<wp:meta_key>_wp_attachment_metadata</wp:meta_key>
			<wp:meta_value><![CDATA[a:5:{s:5:"width";i:218;s:6:"height";i:118;s:4:"file";s:27:"2014/02/firstheartmini1.png";s:5:"sizes";a:2:{s:9:"thumbnail";a:4:{s:4:"file";s:27:"firstheartmini1-150x118.png";s:5:"width";i:150;s:6:"height";i:118;s:9:"mime-type";s:9:"image/png";}s:14:"shop_thumbnail";a:4:{s:4:"file";s:26:"firstheartmini1-170x92.png";s:5:"width";i:170;s:6:"height";i:92;s:9:"mime-type";s:9:"image/png";}}s:10:"image_meta";a:10:{s:8:"aperture";i:0;s:6:"credit";s:0:"";s:6:"camera";s:0:"";s:7:"caption";s:0:"";s:17:"created_timestamp";i:0;s:9:"copyright";s:0:"";s:12:"focal_length";i:0;s:3:"iso";i:0;s:13:"shutter_speed";i:0;s:5:"title";s:0:"";}}]]></wp:meta_value>
		</wp:postmeta>
		<wp:postmeta>
			<wp:meta_key>_wp_attachment_image_alt</wp:meta_key>
			<wp:meta_value><![CDATA[q]]></wp:meta_value>
		</wp:postmeta>
	</item>

	<item>
				<title>firstheartmini2</title>
		<link>http://demo.qodeinteractive.com/bridge26/?attachment_id=11997</link>
		<pubDate>Tue, 11 Feb 2014 10:45:36 +0000</pubDate>
		<dc:creator><![CDATA[admin]]></dc:creator>
		<guid isPermaLink="false">http://demo.qodeinteractive.com/bridge26/wp-content/uploads/2014/02/firstheartmini2.png</guid>
		<description></description>
		<content:encoded><![CDATA[]]></content:encoded>
		<excerpt:encoded><![CDATA[]]></excerpt:encoded>
		<wp:post_id>11997</wp:post_id>
		<wp:post_date>2014-02-11 10:45:36</wp:post_date>
		<wp:post_date_gmt>2014-02-11 10:45:36</wp:post_date_gmt>
		<wp:comment_status>open</wp:comment_status>
		<wp:ping_status>open</wp:ping_status>
		<wp:post_name>firstheartmini2</wp:post_name>
		<wp:status>inherit</wp:status>
		<wp:post_parent>0</wp:post_parent>
		<wp:menu_order>0</wp:menu_order>
		<wp:post_type>attachment</wp:post_type>
		<wp:post_password></wp:post_password>
		<wp:is_sticky>0</wp:is_sticky>
		<wp:attachment_url>http://demo.qodeinteractive.com/bridge26/wp-content/uploads/2014/02/firstheartmini2.png</wp:attachment_url>
		<wp:postmeta>
			<wp:meta_key>_wp_attached_file</wp:meta_key>
			<wp:meta_value><![CDATA[2014/02/firstheartmini2.png]]></wp:meta_value>
		</wp:postmeta>
		<wp:postmeta>
			<wp:meta_key>_wp_attachment_metadata</wp:meta_key>
			<wp:meta_value><![CDATA[a:5:{s:5:"width";i:218;s:6:"height";i:118;s:4:"file";s:27:"2014/02/firstheartmini2.png";s:5:"sizes";a:2:{s:9:"thumbnail";a:4:{s:4:"file";s:27:"firstheartmini2-150x118.png";s:5:"width";i:150;s:6:"height";i:118;s:9:"mime-type";s:9:"image/png";}s:14:"shop_thumbnail";a:4:{s:4:"file";s:26:"firstheartmini2-170x92.png";s:5:"width";i:170;s:6:"height";i:92;s:9:"mime-type";s:9:"image/png";}}s:10:"image_meta";a:10:{s:8:"aperture";i:0;s:6:"credit";s:0:"";s:6:"camera";s:0:"";s:7:"caption";s:0:"";s:17:"created_timestamp";i:0;s:9:"copyright";s:0:"";s:12:"focal_length";i:0;s:3:"iso";i:0;s:13:"shutter_speed";i:0;s:5:"title";s:0:"";}}]]></wp:meta_value>
		</wp:postmeta>
		<wp:postmeta>
			<wp:meta_key>_wp_attachment_image_alt</wp:meta_key>
			<wp:meta_value><![CDATA[q]]></wp:meta_value>
		</wp:postmeta>
	</item>

</channel>
</rss>
