<?xml version="1.0" encoding="UTF-8" ?>
<!-- This is a WordPress eXtended RSS file generated by WordPress as an export of your site. -->
<!-- It contains information about your site's posts, pages, comments, categories, and other content. -->
<!-- You may use this file to transfer that content from one site to another. -->
<!-- This file is not intended to serve as a complete backup of your site. -->

<!-- To import this information into a WordPress site follow these steps: -->
<!-- 1. Log in to that site as an administrator. -->
<!-- 2. Go to Tools: Import in the WordPress admin panel. -->
<!-- 3. Install the "WordPress" importer from the list. -->
<!-- 4. Activate & Run Importer. -->
<!-- 5. Upload this file using the form provided on that page. -->
<!-- 6. You will first be asked to map the authors in this export file to users -->
<!--    on the site. For each author, you may choose to map to an -->
<!--    existing user on the site or to create a new user. -->
<!-- 7. WordPress will then import each of the posts, pages, comments, categories, etc. -->
<!--    contained in this file into your site. -->

<!-- generator="WordPress/3.9.1" created="2014-07-31 16:25" -->
<rss version="2.0"
	xmlns:excerpt="http://wordpress.org/export/1.2/excerpt/"
	xmlns:content="http://purl.org/rss/1.0/modules/content/"
	xmlns:wfw="http://wellformedweb.org/CommentAPI/"
	xmlns:dc="http://purl.org/dc/elements/1.1/"
	xmlns:wp="http://wordpress.org/export/1.2/"
>

<channel>
	<title>Bridge</title>
	<link>http://demo.qodeinteractive.com/bridge26</link>
	<description>Creative Multi-Purpose WordPress Theme</description>
	<pubDate>Thu, 31 Jul 2014 16:25:16 +0000</pubDate>
	<language>en-US</language>
	<wp:wxr_version>1.2</wp:wxr_version>
	<wp:base_site_url>http://demo.qodeinteractive.com/bridge26</wp:base_site_url>
	<wp:base_blog_url>http://demo.qodeinteractive.com/bridge26</wp:base_blog_url>

	<wp:author><wp:author_id>1</wp:author_id><wp:author_login>admin</wp:author_login><wp:author_email>support@qodeinteractive.com</wp:author_email><wp:author_display_name><![CDATA[admin]]></wp:author_display_name><wp:author_first_name><![CDATA[Qode]]></wp:author_first_name><wp:author_last_name><![CDATA[Interactive]]></wp:author_last_name></wp:author>
	<wp:author><wp:author_id>3</wp:author_id><wp:author_login>raymichael</wp:author_login><wp:author_email>raymichael2014@gmail.com</wp:author_email><wp:author_display_name><![CDATA[Ray Michael]]></wp:author_display_name><wp:author_first_name><![CDATA[Ray]]></wp:author_first_name><wp:author_last_name><![CDATA[Michael]]></wp:author_last_name></wp:author>

	<wp:category><wp:term_id>17</wp:term_id><wp:category_nicename>art</wp:category_nicename><wp:category_parent></wp:category_parent><wp:cat_name><![CDATA[Art]]></wp:cat_name></wp:category>
	<wp:category><wp:term_id>2</wp:term_id><wp:category_nicename>business</wp:category_nicename><wp:category_parent></wp:category_parent><wp:cat_name><![CDATA[Business]]></wp:cat_name></wp:category>
	<wp:category><wp:term_id>39</wp:term_id><wp:category_nicename>design</wp:category_nicename><wp:category_parent></wp:category_parent><wp:cat_name><![CDATA[Design]]></wp:cat_name></wp:category>
	<wp:category><wp:term_id>40</wp:term_id><wp:category_nicename>music</wp:category_nicename><wp:category_parent></wp:category_parent><wp:cat_name><![CDATA[Music]]></wp:cat_name></wp:category>
	<wp:category><wp:term_id>5</wp:term_id><wp:category_nicename>photography</wp:category_nicename><wp:category_parent></wp:category_parent><wp:cat_name><![CDATA[Photography]]></wp:cat_name></wp:category>
	<wp:category><wp:term_id>10</wp:term_id><wp:category_nicename>sport</wp:category_nicename><wp:category_parent></wp:category_parent><wp:cat_name><![CDATA[Sport]]></wp:cat_name></wp:category>
	<wp:category><wp:term_id>1</wp:term_id><wp:category_nicename>uncategorized</wp:category_nicename><wp:category_parent></wp:category_parent><wp:cat_name><![CDATA[Uncategorized]]></wp:cat_name></wp:category>
	<wp:tag><wp:term_id>49</wp:term_id><wp:tag_slug>analysis</wp:tag_slug><wp:tag_name><![CDATA[Analysis]]></wp:tag_name></wp:tag>
	<wp:tag><wp:term_id>17</wp:term_id><wp:tag_slug>art</wp:tag_slug><wp:tag_name><![CDATA[Art]]></wp:tag_name></wp:tag>
	<wp:tag><wp:term_id>48</wp:term_id><wp:tag_slug>articles</wp:tag_slug><wp:tag_name><![CDATA[Articles]]></wp:tag_name></wp:tag>
	<wp:tag><wp:term_id>14</wp:term_id><wp:tag_slug>audio</wp:tag_slug><wp:tag_name><![CDATA[Audio]]></wp:tag_name></wp:tag>
	<wp:tag><wp:term_id>2</wp:term_id><wp:tag_slug>business</wp:tag_slug><wp:tag_name><![CDATA[Business]]></wp:tag_name></wp:tag>
	<wp:tag><wp:term_id>51</wp:term_id><wp:tag_slug>culture</wp:tag_slug><wp:tag_name><![CDATA[Culture]]></wp:tag_name></wp:tag>
	<wp:tag><wp:term_id>16</wp:term_id><wp:tag_slug>development</wp:tag_slug><wp:tag_name><![CDATA[Development]]></wp:tag_name></wp:tag>
	<wp:tag><wp:term_id>55</wp:term_id><wp:tag_slug>ecology</wp:tag_slug><wp:tag_name><![CDATA[Ecology]]></wp:tag_name></wp:tag>
	<wp:tag><wp:term_id>54</wp:term_id><wp:tag_slug>events</wp:tag_slug><wp:tag_name><![CDATA[Events]]></wp:tag_name></wp:tag>
	<wp:tag><wp:term_id>52</wp:term_id><wp:tag_slug>information</wp:tag_slug><wp:tag_name><![CDATA[Information]]></wp:tag_name></wp:tag>
	<wp:tag><wp:term_id>50</wp:term_id><wp:tag_slug>inspiration</wp:tag_slug><wp:tag_name><![CDATA[Inspiration]]></wp:tag_name></wp:tag>
	<wp:tag><wp:term_id>56</wp:term_id><wp:tag_slug>nature</wp:tag_slug><wp:tag_name><![CDATA[Nature]]></wp:tag_name></wp:tag>
	<wp:tag><wp:term_id>7</wp:term_id><wp:tag_slug>opportunities</wp:tag_slug><wp:tag_name><![CDATA[Opportunities]]></wp:tag_name></wp:tag>
	<wp:tag><wp:term_id>57</wp:term_id><wp:tag_slug>science</wp:tag_slug><wp:tag_name><![CDATA[Science]]></wp:tag_name></wp:tag>
	<wp:tag><wp:term_id>10</wp:term_id><wp:tag_slug>sport</wp:tag_slug><wp:tag_name><![CDATA[Sport]]></wp:tag_name></wp:tag>
	<wp:tag><wp:term_id>4</wp:term_id><wp:tag_slug>stress</wp:tag_slug><wp:tag_name><![CDATA[Stress]]></wp:tag_name></wp:tag>
	<wp:tag><wp:term_id>15</wp:term_id><wp:tag_slug>swimming</wp:tag_slug><wp:tag_name><![CDATA[Swimming]]></wp:tag_name></wp:tag>
	<wp:tag><wp:term_id>53</wp:term_id><wp:tag_slug>trends</wp:tag_slug><wp:tag_name><![CDATA[Trends]]></wp:tag_name></wp:tag>
	<wp:tag><wp:term_id>13</wp:term_id><wp:tag_slug>video</wp:tag_slug><wp:tag_name><![CDATA[Video]]></wp:tag_name></wp:tag>
	<wp:tag><wp:term_id>9</wp:term_id><wp:tag_slug>web-design</wp:tag_slug><wp:tag_name><![CDATA[Web Design]]></wp:tag_name></wp:tag>
	<wp:term><wp:term_id>17</wp:term_id><wp:term_taxonomy>portfolio_category</wp:term_taxonomy><wp:term_slug>art</wp:term_slug><wp:term_parent></wp:term_parent><wp:term_name><![CDATA[Art]]></wp:term_name></wp:term>
	<wp:term><wp:term_id>2</wp:term_id><wp:term_taxonomy>portfolio_category</wp:term_taxonomy><wp:term_slug>business</wp:term_slug><wp:term_parent></wp:term_parent><wp:term_name><![CDATA[Business]]></wp:term_name></wp:term>
	<wp:term><wp:term_id>30</wp:term_id><wp:term_taxonomy>shop_order_status</wp:term_taxonomy><wp:term_slug>cancelled</wp:term_slug><wp:term_parent></wp:term_parent><wp:term_name><![CDATA[cancelled]]></wp:term_name></wp:term>
	<wp:term><wp:term_id>97</wp:term_id><wp:term_taxonomy>product_tag</wp:term_taxonomy><wp:term_slug>case</wp:term_slug><wp:term_parent></wp:term_parent><wp:term_name><![CDATA[Case]]></wp:term_name></wp:term>
	<wp:term><wp:term_id>28</wp:term_id><wp:term_taxonomy>shop_order_status</wp:term_taxonomy><wp:term_slug>completed</wp:term_slug><wp:term_parent></wp:term_parent><wp:term_name><![CDATA[completed]]></wp:term_name></wp:term>
	<wp:term><wp:term_id>108</wp:term_id><wp:term_taxonomy>product_tag</wp:term_taxonomy><wp:term_slug>cover</wp:term_slug><wp:term_parent></wp:term_parent><wp:term_name><![CDATA[Cover]]></wp:term_name></wp:term>
	<wp:term><wp:term_id>23</wp:term_id><wp:term_taxonomy>product_type</wp:term_taxonomy><wp:term_slug>external</wp:term_slug><wp:term_parent></wp:term_parent><wp:term_name><![CDATA[external]]></wp:term_name></wp:term>
	<wp:term><wp:term_id>25</wp:term_id><wp:term_taxonomy>shop_order_status</wp:term_taxonomy><wp:term_slug>failed</wp:term_slug><wp:term_parent></wp:term_parent><wp:term_name><![CDATA[failed]]></wp:term_name></wp:term>
	<wp:term><wp:term_id>96</wp:term_id><wp:term_taxonomy>product_tag</wp:term_taxonomy><wp:term_slug>glasses</wp:term_slug><wp:term_parent></wp:term_parent><wp:term_name><![CDATA[Glasses]]></wp:term_name></wp:term>
	<wp:term><wp:term_id>21</wp:term_id><wp:term_taxonomy>product_type</wp:term_taxonomy><wp:term_slug>grouped</wp:term_slug><wp:term_parent></wp:term_parent><wp:term_name><![CDATA[grouped]]></wp:term_name></wp:term>
	<wp:term><wp:term_id>101</wp:term_id><wp:term_taxonomy>product_tag</wp:term_taxonomy><wp:term_slug>handbag</wp:term_slug><wp:term_parent></wp:term_parent><wp:term_name><![CDATA[Handbag]]></wp:term_name></wp:term>
	<wp:term><wp:term_id>116</wp:term_id><wp:term_taxonomy>slides_category</wp:term_taxonomy><wp:term_slug>home-bridge-health-slider</wp:term_slug><wp:term_parent></wp:term_parent><wp:term_name><![CDATA[Home Bridge Health Slider]]></wp:term_name></wp:term>
	<wp:term><wp:term_id>61</wp:term_id><wp:term_taxonomy>carousels_category</wp:term_taxonomy><wp:term_slug>home-carousel-mini</wp:term_slug><wp:term_parent></wp:term_parent><wp:term_name><![CDATA[Home Carousel Mini]]></wp:term_name></wp:term>
	<wp:term><wp:term_id>74</wp:term_id><wp:term_taxonomy>product_tag</wp:term_taxonomy><wp:term_slug>iphone</wp:term_slug><wp:term_parent></wp:term_parent><wp:term_name><![CDATA[iPhone]]></wp:term_name></wp:term>
	<wp:term><wp:term_id>63</wp:term_id><wp:term_taxonomy>product_tag</wp:term_taxonomy><wp:term_slug>laptop</wp:term_slug><wp:term_parent></wp:term_parent><wp:term_name><![CDATA[Laptop]]></wp:term_name></wp:term>
	<wp:term><wp:term_id>100</wp:term_id><wp:term_taxonomy>product_tag</wp:term_taxonomy><wp:term_slug>leather</wp:term_slug><wp:term_parent></wp:term_parent><wp:term_name><![CDATA[Leather]]></wp:term_name></wp:term>
	<wp:term><wp:term_id>33</wp:term_id><wp:term_taxonomy>product_tag</wp:term_taxonomy><wp:term_slug>mountain</wp:term_slug><wp:term_parent></wp:term_parent><wp:term_name><![CDATA[Mountain]]></wp:term_name></wp:term>
	<wp:term><wp:term_id>40</wp:term_id><wp:term_taxonomy>product_tag</wp:term_taxonomy><wp:term_slug>music</wp:term_slug><wp:term_parent></wp:term_parent><wp:term_name><![CDATA[Music]]></wp:term_name></wp:term>
	<wp:term><wp:term_id>26</wp:term_id><wp:term_taxonomy>shop_order_status</wp:term_taxonomy><wp:term_slug>on-hold</wp:term_slug><wp:term_parent></wp:term_parent><wp:term_name><![CDATA[on-hold]]></wp:term_name></wp:term>
	<wp:term><wp:term_id>24</wp:term_id><wp:term_taxonomy>shop_order_status</wp:term_taxonomy><wp:term_slug>pending</wp:term_slug><wp:term_parent></wp:term_parent><wp:term_name><![CDATA[pending]]></wp:term_name></wp:term>
	<wp:term><wp:term_id>5</wp:term_id><wp:term_taxonomy>portfolio_category</wp:term_taxonomy><wp:term_slug>photography</wp:term_slug><wp:term_parent></wp:term_parent><wp:term_name><![CDATA[Photography]]></wp:term_name></wp:term>
	<wp:term><wp:term_id>27</wp:term_id><wp:term_taxonomy>shop_order_status</wp:term_taxonomy><wp:term_slug>processing</wp:term_slug><wp:term_parent></wp:term_parent><wp:term_name><![CDATA[processing]]></wp:term_name></wp:term>
	<wp:term><wp:term_id>64</wp:term_id><wp:term_taxonomy>product_tag</wp:term_taxonomy><wp:term_slug>quad-core</wp:term_slug><wp:term_parent></wp:term_parent><wp:term_name><![CDATA[Quad-Core]]></wp:term_name></wp:term>
	<wp:term><wp:term_id>29</wp:term_id><wp:term_taxonomy>shop_order_status</wp:term_taxonomy><wp:term_slug>refunded</wp:term_slug><wp:term_parent></wp:term_parent><wp:term_name><![CDATA[refunded]]></wp:term_name></wp:term>
	<wp:term><wp:term_id>73</wp:term_id><wp:term_taxonomy>product_tag</wp:term_taxonomy><wp:term_slug>rooter</wp:term_slug><wp:term_parent></wp:term_parent><wp:term_name><![CDATA[Rooter]]></wp:term_name></wp:term>
	<wp:term><wp:term_id>34</wp:term_id><wp:term_taxonomy>product_tag</wp:term_taxonomy><wp:term_slug>running</wp:term_slug><wp:term_parent></wp:term_parent><wp:term_name><![CDATA[Running]]></wp:term_name></wp:term>
	<wp:term><wp:term_id>36</wp:term_id><wp:term_taxonomy>product_tag</wp:term_taxonomy><wp:term_slug>shirt</wp:term_slug><wp:term_parent></wp:term_parent><wp:term_name><![CDATA[Shirt]]></wp:term_name></wp:term>
	<wp:term><wp:term_id>35</wp:term_id><wp:term_taxonomy>product_tag</wp:term_taxonomy><wp:term_slug>shoes</wp:term_slug><wp:term_parent></wp:term_parent><wp:term_name><![CDATA[Shoes]]></wp:term_name></wp:term>
	<wp:term><wp:term_id>20</wp:term_id><wp:term_taxonomy>product_type</wp:term_taxonomy><wp:term_slug>simple</wp:term_slug><wp:term_parent></wp:term_parent><wp:term_name><![CDATA[simple]]></wp:term_name></wp:term>
	<wp:term><wp:term_id>32</wp:term_id><wp:term_taxonomy>product_tag</wp:term_taxonomy><wp:term_slug>ski</wp:term_slug><wp:term_parent></wp:term_parent><wp:term_name><![CDATA[Ski]]></wp:term_name></wp:term>
	<wp:term><wp:term_id>31</wp:term_id><wp:term_taxonomy>product_cat</wp:term_taxonomy><wp:term_slug>skiing</wp:term_slug><wp:term_parent></wp:term_parent><wp:term_name><![CDATA[Skiing]]></wp:term_name></wp:term>
	<wp:term><wp:term_id>105</wp:term_id><wp:term_taxonomy>product_tag</wp:term_taxonomy><wp:term_slug>sleeve</wp:term_slug><wp:term_parent></wp:term_parent><wp:term_name><![CDATA[Sleeve]]></wp:term_name></wp:term>
	<wp:term><wp:term_id>67</wp:term_id><wp:term_taxonomy>product_tag</wp:term_taxonomy><wp:term_slug>smartphone</wp:term_slug><wp:term_parent></wp:term_parent><wp:term_name><![CDATA[Smartphone]]></wp:term_name></wp:term>
	<wp:term><wp:term_id>103</wp:term_id><wp:term_taxonomy>product_tag</wp:term_taxonomy><wp:term_slug>sunglasses</wp:term_slug><wp:term_parent></wp:term_parent><wp:term_name><![CDATA[Sunglasses]]></wp:term_name></wp:term>
	<wp:term><wp:term_id>69</wp:term_id><wp:term_taxonomy>product_tag</wp:term_taxonomy><wp:term_slug>tablet</wp:term_slug><wp:term_parent></wp:term_parent><wp:term_name><![CDATA[Tablet]]></wp:term_name></wp:term>
	<wp:term><wp:term_id>106</wp:term_id><wp:term_taxonomy>product_tag</wp:term_taxonomy><wp:term_slug>travel</wp:term_slug><wp:term_parent></wp:term_parent><wp:term_name><![CDATA[Travel]]></wp:term_name></wp:term>
	<wp:term><wp:term_id>72</wp:term_id><wp:term_taxonomy>product_tag</wp:term_taxonomy><wp:term_slug>tv</wp:term_slug><wp:term_parent></wp:term_parent><wp:term_name><![CDATA[TV]]></wp:term_name></wp:term>
	<wp:term><wp:term_id>99</wp:term_id><wp:term_taxonomy>product_tag</wp:term_taxonomy><wp:term_slug>vanity-case</wp:term_slug><wp:term_parent></wp:term_parent><wp:term_name><![CDATA[Vanity Case]]></wp:term_name></wp:term>
	<wp:term><wp:term_id>22</wp:term_id><wp:term_taxonomy>product_type</wp:term_taxonomy><wp:term_slug>variable</wp:term_slug><wp:term_parent></wp:term_parent><wp:term_name><![CDATA[variable]]></wp:term_name></wp:term>
	<wp:term><wp:term_id>102</wp:term_id><wp:term_taxonomy>product_tag</wp:term_taxonomy><wp:term_slug>vintage</wp:term_slug><wp:term_parent></wp:term_parent><wp:term_name><![CDATA[Vintage]]></wp:term_name></wp:term>
	<wp:term><wp:term_id>110</wp:term_id><wp:term_taxonomy>product_tag</wp:term_taxonomy><wp:term_slug>wallet</wp:term_slug><wp:term_parent></wp:term_parent><wp:term_name><![CDATA[Wallet]]></wp:term_name></wp:term>
	<wp:term><wp:term_id>70</wp:term_id><wp:term_taxonomy>product_tag</wp:term_taxonomy><wp:term_slug>watch</wp:term_slug><wp:term_parent></wp:term_parent><wp:term_name><![CDATA[Watch]]></wp:term_name></wp:term>
	<wp:term><wp:term_id>58</wp:term_id><wp:term_taxonomy>testimonials_category</wp:term_taxonomy><wp:term_slug>web-design-2</wp:term_slug><wp:term_parent></wp:term_parent><wp:term_name><![CDATA[web design]]></wp:term_name></wp:term>
	<wp:term><wp:term_id>59</wp:term_id><wp:term_taxonomy>testimonials_category</wp:term_taxonomy><wp:term_slug>web-development</wp:term_slug><wp:term_parent></wp:term_parent><wp:term_name><![CDATA[web development]]></wp:term_name></wp:term>
	<wp:term><wp:term_id>71</wp:term_id><wp:term_taxonomy>product_tag</wp:term_taxonomy><wp:term_slug>wifi</wp:term_slug><wp:term_parent></wp:term_parent><wp:term_name><![CDATA[WiFi]]></wp:term_name></wp:term>
	<wp:term><wp:term_id>37</wp:term_id><wp:term_taxonomy>product_tag</wp:term_taxonomy><wp:term_slug>workout</wp:term_slug><wp:term_parent></wp:term_parent><wp:term_name><![CDATA[Workout]]></wp:term_name></wp:term>
	<wp:term><wp:term_id>98</wp:term_id><wp:term_taxonomy>product_cat</wp:term_taxonomy><wp:term_slug>bags</wp:term_slug><wp:term_parent></wp:term_parent><wp:term_name><![CDATA[Bags]]></wp:term_name></wp:term>
	<wp:term><wp:term_id>95</wp:term_id><wp:term_taxonomy>product_cat</wp:term_taxonomy><wp:term_slug>cases</wp:term_slug><wp:term_parent></wp:term_parent><wp:term_name><![CDATA[Cases]]></wp:term_name></wp:term>
	<wp:term><wp:term_id>107</wp:term_id><wp:term_taxonomy>product_cat</wp:term_taxonomy><wp:term_slug>covers</wp:term_slug><wp:term_parent></wp:term_parent><wp:term_name><![CDATA[Covers]]></wp:term_name></wp:term>
	<wp:term><wp:term_id>68</wp:term_id><wp:term_taxonomy>product_tag</wp:term_taxonomy><wp:term_slug>headphones</wp:term_slug><wp:term_parent></wp:term_parent><wp:term_name><![CDATA[Headphones]]></wp:term_name></wp:term>
	<wp:term><wp:term_id>62</wp:term_id><wp:term_taxonomy>product_cat</wp:term_taxonomy><wp:term_slug>notebook</wp:term_slug><wp:term_parent></wp:term_parent><wp:term_name><![CDATA[Notebook]]></wp:term_name></wp:term>
	<wp:term><wp:term_id>65</wp:term_id><wp:term_taxonomy>product_cat</wp:term_taxonomy><wp:term_slug>other</wp:term_slug><wp:term_parent></wp:term_parent><wp:term_name><![CDATA[Other]]></wp:term_name></wp:term>
	<wp:term><wp:term_id>66</wp:term_id><wp:term_taxonomy>product_cat</wp:term_taxonomy><wp:term_slug>phones</wp:term_slug><wp:term_parent></wp:term_parent><wp:term_name><![CDATA[Phones]]></wp:term_name></wp:term>
	<wp:term><wp:term_id>104</wp:term_id><wp:term_taxonomy>product_cat</wp:term_taxonomy><wp:term_slug>sleeves</wp:term_slug><wp:term_parent></wp:term_parent><wp:term_name><![CDATA[Sleeves]]></wp:term_name></wp:term>
	<wp:term><wp:term_id>109</wp:term_id><wp:term_taxonomy>product_cat</wp:term_taxonomy><wp:term_slug>wallets</wp:term_slug><wp:term_parent></wp:term_parent><wp:term_name><![CDATA[Wallets]]></wp:term_name></wp:term>
	<wp:term><wp:term_id>77</wp:term_id><wp:term_taxonomy>nav_menu</wp:term_taxonomy><wp:term_slug>top_menu</wp:term_slug><wp:term_name><![CDATA[top_menu]]></wp:term_name></wp:term>
	<wp:term><wp:term_id>111</wp:term_id><wp:term_taxonomy>nav_menu</wp:term_taxonomy><wp:term_slug>top_menu_backup-2014-04-03-423pm</wp:term_slug><wp:term_name><![CDATA[top_menu_backup 2014-04-03 4:23PM]]></wp:term_name></wp:term>
	<wp:term><wp:term_id>114</wp:term_id><wp:term_taxonomy>nav_menu</wp:term_taxonomy><wp:term_slug>top_menu_backup-2014-05-07-217pm</wp:term_slug><wp:term_name><![CDATA[top_menu_backup 2014-05-07 2:17PM]]></wp:term_name></wp:term>
	<wp:term><wp:term_id>115</wp:term_id><wp:term_taxonomy>nav_menu</wp:term_taxonomy><wp:term_slug>top_menu_backup-2014-05-15-902am</wp:term_slug><wp:term_name><![CDATA[top_menu_backup 2014-05-15 9:02AM]]></wp:term_name></wp:term>
	<wp:term><wp:term_id>117</wp:term_id><wp:term_taxonomy>nav_menu</wp:term_taxonomy><wp:term_slug>footer_menu_1</wp:term_slug><wp:term_name><![CDATA[footer_menu_1]]></wp:term_name></wp:term>
	<wp:term><wp:term_id>118</wp:term_id><wp:term_taxonomy>nav_menu</wp:term_taxonomy><wp:term_slug>footer_menu_2</wp:term_slug><wp:term_name><![CDATA[footer_menu_2]]></wp:term_name></wp:term>
	<wp:term><wp:term_id>119</wp:term_id><wp:term_taxonomy>nav_menu</wp:term_taxonomy><wp:term_slug>footer_menu_3</wp:term_slug><wp:term_name><![CDATA[footer_menu_3]]></wp:term_name></wp:term>
	<wp:term><wp:term_id>120</wp:term_id><wp:term_taxonomy>nav_menu</wp:term_taxonomy><wp:term_slug>top_menu_short</wp:term_slug><wp:term_name><![CDATA[top_menu_short]]></wp:term_name></wp:term>

	<generator>http://wordpress.org/?v=3.9.1</generator>

	
	<item>
				<title>b-madrids-photographer-marathon-02</title>
		<link>http://demo.qodeinteractive.com/bridge26/madrids-photographer-marathon/b-madrids-photographer-marathon-02/</link>
		<pubDate>Tue, 29 Oct 2013 10:25:23 +0000</pubDate>
		<dc:creator><![CDATA[admin]]></dc:creator>
		<guid isPermaLink="false">http://demo.qodeinteractive.com/bridge26/wp-content/uploads/2013/10/b-madrids-photographer-marathon-02.jpg</guid>
		<description></description>
		<content:encoded><![CDATA[]]></content:encoded>
		<excerpt:encoded><![CDATA[]]></excerpt:encoded>
		<wp:post_id>2824</wp:post_id>
		<wp:post_date>2013-10-29 10:25:23</wp:post_date>
		<wp:post_date_gmt>2013-10-29 10:25:23</wp:post_date_gmt>
		<wp:comment_status>open</wp:comment_status>
		<wp:ping_status>open</wp:ping_status>
		<wp:post_name>b-madrids-photographer-marathon-02</wp:post_name>
		<wp:status>inherit</wp:status>
		<wp:post_parent>8</wp:post_parent>
		<wp:menu_order>0</wp:menu_order>
		<wp:post_type>attachment</wp:post_type>
		<wp:post_password></wp:post_password>
		<wp:is_sticky>0</wp:is_sticky>
		<wp:attachment_url>http://demo.qodeinteractive.com/bridge26/wp-content/uploads/2013/10/b-madrids-photographer-marathon-02.jpg</wp:attachment_url>
		<wp:postmeta>
			<wp:meta_key>_wp_attached_file</wp:meta_key>
			<wp:meta_value><![CDATA[2013/10/b-madrids-photographer-marathon-02.jpg]]></wp:meta_value>
		</wp:postmeta>
		<wp:postmeta>
			<wp:meta_key>_wp_attachment_metadata</wp:meta_key>
			<wp:meta_value><![CDATA[a:5:{s:5:"width";i:1100;s:6:"height";i:619;s:4:"file";s:46:"2013/10/b-madrids-photographer-marathon-02.jpg";s:5:"sizes";a:15:{s:9:"thumbnail";a:4:{s:4:"file";s:46:"b-madrids-photographer-marathon-02-150x150.jpg";s:5:"width";i:150;s:6:"height";i:150;s:9:"mime-type";s:10:"image/jpeg";}s:6:"medium";a:4:{s:4:"file";s:46:"b-madrids-photographer-marathon-02-300x168.jpg";s:5:"width";i:300;s:6:"height";i:168;s:9:"mime-type";s:10:"image/jpeg";}s:5:"large";a:4:{s:4:"file";s:47:"b-madrids-photographer-marathon-02-1024x576.jpg";s:5:"width";i:1024;s:6:"height";i:576;s:9:"mime-type";s:10:"image/jpeg";}s:16:"portfolio-square";a:4:{s:4:"file";s:46:"b-madrids-photographer-marathon-02-570x570.jpg";s:5:"width";i:570;s:6:"height";i:570;s:9:"mime-type";s:10:"image/jpeg";}s:18:"menu-featured-post";a:4:{s:4:"file";s:46:"b-madrids-photographer-marathon-02-345x198.jpg";s:5:"width";i:345;s:6:"height";i:198;s:9:"mime-type";s:10:"image/jpeg";}s:20:"qode-carousel_slider";a:4:{s:4:"file";s:46:"b-madrids-photographer-marathon-02-400x260.jpg";s:5:"width";i:400;s:6:"height";i:260;s:9:"mime-type";s:10:"image/jpeg";}s:16:"portfolio_slider";a:4:{s:4:"file";s:46:"b-madrids-photographer-marathon-02-480x320.jpg";s:5:"width";i:480;s:6:"height";i:320;s:9:"mime-type";s:10:"image/jpeg";}s:25:"portfolio_masonry_regular";a:4:{s:4:"file";s:46:"b-madrids-photographer-marathon-02-500x500.jpg";s:5:"width";i:500;s:6:"height";i:500;s:9:"mime-type";s:10:"image/jpeg";}s:22:"portfolio_masonry_wide";a:4:{s:4:"file";s:47:"b-madrids-photographer-marathon-02-1000x500.jpg";s:5:"width";i:1000;s:6:"height";i:500;s:9:"mime-type";s:10:"image/jpeg";}s:22:"portfolio_masonry_tall";a:4:{s:4:"file";s:46:"b-madrids-photographer-marathon-02-500x619.jpg";s:5:"width";i:500;s:6:"height";i:619;s:9:"mime-type";s:10:"image/jpeg";}s:23:"portfolio_masonry_large";a:4:{s:4:"file";s:47:"b-madrids-photographer-marathon-02-1000x619.jpg";s:5:"width";i:1000;s:6:"height";i:619;s:9:"mime-type";s:10:"image/jpeg";}s:17:"latest_post_boxes";a:4:{s:4:"file";s:46:"b-madrids-photographer-marathon-02-539x303.jpg";s:5:"width";i:539;s:6:"height";i:303;s:9:"mime-type";s:10:"image/jpeg";}s:14:"shop_thumbnail";a:4:{s:4:"file";s:45:"b-madrids-photographer-marathon-02-170x95.jpg";s:5:"width";i:170;s:6:"height";i:95;s:9:"mime-type";s:10:"image/jpeg";}s:12:"shop_catalog";a:4:{s:4:"file";s:46:"b-madrids-photographer-marathon-02-300x168.jpg";s:5:"width";i:300;s:6:"height";i:168;s:9:"mime-type";s:10:"image/jpeg";}s:11:"shop_single";a:4:{s:4:"file";s:46:"b-madrids-photographer-marathon-02-540x303.jpg";s:5:"width";i:540;s:6:"height";i:303;s:9:"mime-type";s:10:"image/jpeg";}}s:10:"image_meta";a:10:{s:8:"aperture";i:0;s:6:"credit";s:0:"";s:6:"camera";s:0:"";s:7:"caption";s:0:"";s:17:"created_timestamp";i:0;s:9:"copyright";s:0:"";s:12:"focal_length";i:0;s:3:"iso";i:0;s:13:"shutter_speed";i:0;s:5:"title";s:0:"";}}]]></wp:meta_value>
		</wp:postmeta>
		<wp:postmeta>
			<wp:meta_key>_qode-like</wp:meta_key>
			<wp:meta_value><![CDATA[0]]></wp:meta_value>
		</wp:postmeta>
		<wp:postmeta>
			<wp:meta_key>_wp_attachment_image_alt</wp:meta_key>
			<wp:meta_value><![CDATA[qode interactive strata]]></wp:meta_value>
		</wp:postmeta>
		<wp:postmeta>
			<wp:meta_key>_edit_last</wp:meta_key>
			<wp:meta_value><![CDATA[1]]></wp:meta_value>
		</wp:postmeta>
	</item>

	<item>
				<title>b-inteligent-transitions-in-ux-design</title>
		<link>http://demo.qodeinteractive.com/bridge26/inteligent-transitions-in-ux-design/b-inteligent-transitions-in-ux-design/</link>
		<pubDate>Tue, 29 Oct 2013 10:26:40 +0000</pubDate>
		<dc:creator><![CDATA[admin]]></dc:creator>
		<guid isPermaLink="false">http://demo.qodeinteractive.com/bridge26/wp-content/uploads/2013/10/b-inteligent-transitions-in-ux-design.jpg</guid>
		<description></description>
		<content:encoded><![CDATA[]]></content:encoded>
		<excerpt:encoded><![CDATA[]]></excerpt:encoded>
		<wp:post_id>2826</wp:post_id>
		<wp:post_date>2013-10-29 10:26:40</wp:post_date>
		<wp:post_date_gmt>2013-10-29 10:26:40</wp:post_date_gmt>
		<wp:comment_status>open</wp:comment_status>
		<wp:ping_status>open</wp:ping_status>
		<wp:post_name>b-inteligent-transitions-in-ux-design</wp:post_name>
		<wp:status>inherit</wp:status>
		<wp:post_parent>5</wp:post_parent>
		<wp:menu_order>0</wp:menu_order>
		<wp:post_type>attachment</wp:post_type>
		<wp:post_password></wp:post_password>
		<wp:is_sticky>0</wp:is_sticky>
		<wp:attachment_url>http://demo.qodeinteractive.com/bridge26/wp-content/uploads/2013/10/b-inteligent-transitions-in-ux-design.jpg</wp:attachment_url>
		<wp:postmeta>
			<wp:meta_key>_wp_attached_file</wp:meta_key>
			<wp:meta_value><![CDATA[2013/10/b-inteligent-transitions-in-ux-design.jpg]]></wp:meta_value>
		</wp:postmeta>
		<wp:postmeta>
			<wp:meta_key>_wp_attachment_metadata</wp:meta_key>
			<wp:meta_value><![CDATA[a:5:{s:5:"width";i:1100;s:6:"height";i:619;s:4:"file";s:49:"2013/10/b-inteligent-transitions-in-ux-design.jpg";s:5:"sizes";a:15:{s:9:"thumbnail";a:4:{s:4:"file";s:49:"b-inteligent-transitions-in-ux-design-150x150.jpg";s:5:"width";i:150;s:6:"height";i:150;s:9:"mime-type";s:10:"image/jpeg";}s:6:"medium";a:4:{s:4:"file";s:49:"b-inteligent-transitions-in-ux-design-300x168.jpg";s:5:"width";i:300;s:6:"height";i:168;s:9:"mime-type";s:10:"image/jpeg";}s:5:"large";a:4:{s:4:"file";s:50:"b-inteligent-transitions-in-ux-design-1024x576.jpg";s:5:"width";i:1024;s:6:"height";i:576;s:9:"mime-type";s:10:"image/jpeg";}s:16:"portfolio-square";a:4:{s:4:"file";s:49:"b-inteligent-transitions-in-ux-design-570x570.jpg";s:5:"width";i:570;s:6:"height";i:570;s:9:"mime-type";s:10:"image/jpeg";}s:18:"menu-featured-post";a:4:{s:4:"file";s:49:"b-inteligent-transitions-in-ux-design-345x198.jpg";s:5:"width";i:345;s:6:"height";i:198;s:9:"mime-type";s:10:"image/jpeg";}s:20:"qode-carousel_slider";a:4:{s:4:"file";s:49:"b-inteligent-transitions-in-ux-design-400x260.jpg";s:5:"width";i:400;s:6:"height";i:260;s:9:"mime-type";s:10:"image/jpeg";}s:16:"portfolio_slider";a:4:{s:4:"file";s:49:"b-inteligent-transitions-in-ux-design-480x320.jpg";s:5:"width";i:480;s:6:"height";i:320;s:9:"mime-type";s:10:"image/jpeg";}s:25:"portfolio_masonry_regular";a:4:{s:4:"file";s:49:"b-inteligent-transitions-in-ux-design-500x500.jpg";s:5:"width";i:500;s:6:"height";i:500;s:9:"mime-type";s:10:"image/jpeg";}s:22:"portfolio_masonry_wide";a:4:{s:4:"file";s:50:"b-inteligent-transitions-in-ux-design-1000x500.jpg";s:5:"width";i:1000;s:6:"height";i:500;s:9:"mime-type";s:10:"image/jpeg";}s:22:"portfolio_masonry_tall";a:4:{s:4:"file";s:49:"b-inteligent-transitions-in-ux-design-500x619.jpg";s:5:"width";i:500;s:6:"height";i:619;s:9:"mime-type";s:10:"image/jpeg";}s:23:"portfolio_masonry_large";a:4:{s:4:"file";s:50:"b-inteligent-transitions-in-ux-design-1000x619.jpg";s:5:"width";i:1000;s:6:"height";i:619;s:9:"mime-type";s:10:"image/jpeg";}s:17:"latest_post_boxes";a:4:{s:4:"file";s:49:"b-inteligent-transitions-in-ux-design-539x303.jpg";s:5:"width";i:539;s:6:"height";i:303;s:9:"mime-type";s:10:"image/jpeg";}s:14:"shop_thumbnail";a:4:{s:4:"file";s:48:"b-inteligent-transitions-in-ux-design-170x95.jpg";s:5:"width";i:170;s:6:"height";i:95;s:9:"mime-type";s:10:"image/jpeg";}s:12:"shop_catalog";a:4:{s:4:"file";s:49:"b-inteligent-transitions-in-ux-design-300x168.jpg";s:5:"width";i:300;s:6:"height";i:168;s:9:"mime-type";s:10:"image/jpeg";}s:11:"shop_single";a:4:{s:4:"file";s:49:"b-inteligent-transitions-in-ux-design-540x303.jpg";s:5:"width";i:540;s:6:"height";i:303;s:9:"mime-type";s:10:"image/jpeg";}}s:10:"image_meta";a:10:{s:8:"aperture";i:0;s:6:"credit";s:0:"";s:6:"camera";s:0:"";s:7:"caption";s:0:"";s:17:"created_timestamp";i:0;s:9:"copyright";s:0:"";s:12:"focal_length";i:0;s:3:"iso";i:0;s:13:"shutter_speed";i:0;s:5:"title";s:0:"";}}]]></wp:meta_value>
		</wp:postmeta>
		<wp:postmeta>
			<wp:meta_key>_wp_attachment_image_alt</wp:meta_key>
			<wp:meta_value><![CDATA[qode interactive strata]]></wp:meta_value>
		</wp:postmeta>
		<wp:postmeta>
			<wp:meta_key>_edit_last</wp:meta_key>
			<wp:meta_value><![CDATA[1]]></wp:meta_value>
		</wp:postmeta>
	</item>

	<item>
				<title>b-icelands-biggest-volcano-timelapse</title>
		<link>http://demo.qodeinteractive.com/bridge26/icelands-biggest-volcano-timelapse/b-icelands-biggest-volcano-timelapse/</link>
		<pubDate>Tue, 29 Oct 2013 10:27:42 +0000</pubDate>
		<dc:creator><![CDATA[admin]]></dc:creator>
		<guid isPermaLink="false">http://demo.qodeinteractive.com/bridge26/wp-content/uploads/2013/10/b-icelands-biggest-volcano-timelapse.jpg</guid>
		<description></description>
		<content:encoded><![CDATA[]]></content:encoded>
		<excerpt:encoded><![CDATA[]]></excerpt:encoded>
		<wp:post_id>2827</wp:post_id>
		<wp:post_date>2013-10-29 10:27:42</wp:post_date>
		<wp:post_date_gmt>2013-10-29 10:27:42</wp:post_date_gmt>
		<wp:comment_status>open</wp:comment_status>
		<wp:ping_status>open</wp:ping_status>
		<wp:post_name>b-icelands-biggest-volcano-timelapse</wp:post_name>
		<wp:status>inherit</wp:status>
		<wp:post_parent>40</wp:post_parent>
		<wp:menu_order>0</wp:menu_order>
		<wp:post_type>attachment</wp:post_type>
		<wp:post_password></wp:post_password>
		<wp:is_sticky>0</wp:is_sticky>
		<wp:attachment_url>http://demo.qodeinteractive.com/bridge26/wp-content/uploads/2013/10/b-icelands-biggest-volcano-timelapse.jpg</wp:attachment_url>
		<wp:postmeta>
			<wp:meta_key>_wp_attached_file</wp:meta_key>
			<wp:meta_value><![CDATA[2013/10/b-icelands-biggest-volcano-timelapse.jpg]]></wp:meta_value>
		</wp:postmeta>
		<wp:postmeta>
			<wp:meta_key>_wp_attachment_metadata</wp:meta_key>
			<wp:meta_value><![CDATA[a:5:{s:5:"width";i:1100;s:6:"height";i:619;s:4:"file";s:48:"2013/10/b-icelands-biggest-volcano-timelapse.jpg";s:5:"sizes";a:15:{s:9:"thumbnail";a:4:{s:4:"file";s:48:"b-icelands-biggest-volcano-timelapse-150x150.jpg";s:5:"width";i:150;s:6:"height";i:150;s:9:"mime-type";s:10:"image/jpeg";}s:6:"medium";a:4:{s:4:"file";s:48:"b-icelands-biggest-volcano-timelapse-300x168.jpg";s:5:"width";i:300;s:6:"height";i:168;s:9:"mime-type";s:10:"image/jpeg";}s:5:"large";a:4:{s:4:"file";s:49:"b-icelands-biggest-volcano-timelapse-1024x576.jpg";s:5:"width";i:1024;s:6:"height";i:576;s:9:"mime-type";s:10:"image/jpeg";}s:16:"portfolio-square";a:4:{s:4:"file";s:48:"b-icelands-biggest-volcano-timelapse-570x570.jpg";s:5:"width";i:570;s:6:"height";i:570;s:9:"mime-type";s:10:"image/jpeg";}s:18:"menu-featured-post";a:4:{s:4:"file";s:48:"b-icelands-biggest-volcano-timelapse-345x198.jpg";s:5:"width";i:345;s:6:"height";i:198;s:9:"mime-type";s:10:"image/jpeg";}s:20:"qode-carousel_slider";a:4:{s:4:"file";s:48:"b-icelands-biggest-volcano-timelapse-400x260.jpg";s:5:"width";i:400;s:6:"height";i:260;s:9:"mime-type";s:10:"image/jpeg";}s:16:"portfolio_slider";a:4:{s:4:"file";s:48:"b-icelands-biggest-volcano-timelapse-480x320.jpg";s:5:"width";i:480;s:6:"height";i:320;s:9:"mime-type";s:10:"image/jpeg";}s:25:"portfolio_masonry_regular";a:4:{s:4:"file";s:48:"b-icelands-biggest-volcano-timelapse-500x500.jpg";s:5:"width";i:500;s:6:"height";i:500;s:9:"mime-type";s:10:"image/jpeg";}s:22:"portfolio_masonry_wide";a:4:{s:4:"file";s:49:"b-icelands-biggest-volcano-timelapse-1000x500.jpg";s:5:"width";i:1000;s:6:"height";i:500;s:9:"mime-type";s:10:"image/jpeg";}s:22:"portfolio_masonry_tall";a:4:{s:4:"file";s:48:"b-icelands-biggest-volcano-timelapse-500x619.jpg";s:5:"width";i:500;s:6:"height";i:619;s:9:"mime-type";s:10:"image/jpeg";}s:23:"portfolio_masonry_large";a:4:{s:4:"file";s:49:"b-icelands-biggest-volcano-timelapse-1000x619.jpg";s:5:"width";i:1000;s:6:"height";i:619;s:9:"mime-type";s:10:"image/jpeg";}s:17:"latest_post_boxes";a:4:{s:4:"file";s:48:"b-icelands-biggest-volcano-timelapse-539x303.jpg";s:5:"width";i:539;s:6:"height";i:303;s:9:"mime-type";s:10:"image/jpeg";}s:14:"shop_thumbnail";a:4:{s:4:"file";s:47:"b-icelands-biggest-volcano-timelapse-170x95.jpg";s:5:"width";i:170;s:6:"height";i:95;s:9:"mime-type";s:10:"image/jpeg";}s:12:"shop_catalog";a:4:{s:4:"file";s:48:"b-icelands-biggest-volcano-timelapse-300x168.jpg";s:5:"width";i:300;s:6:"height";i:168;s:9:"mime-type";s:10:"image/jpeg";}s:11:"shop_single";a:4:{s:4:"file";s:48:"b-icelands-biggest-volcano-timelapse-540x303.jpg";s:5:"width";i:540;s:6:"height";i:303;s:9:"mime-type";s:10:"image/jpeg";}}s:10:"image_meta";a:10:{s:8:"aperture";i:0;s:6:"credit";s:0:"";s:6:"camera";s:0:"";s:7:"caption";s:0:"";s:17:"created_timestamp";i:0;s:9:"copyright";s:0:"";s:12:"focal_length";i:0;s:3:"iso";i:0;s:13:"shutter_speed";i:0;s:5:"title";s:0:"";}}]]></wp:meta_value>
		</wp:postmeta>
		<wp:postmeta>
			<wp:meta_key>_wp_attachment_image_alt</wp:meta_key>
			<wp:meta_value><![CDATA[qode interactive strata]]></wp:meta_value>
		</wp:postmeta>
		<wp:postmeta>
			<wp:meta_key>_edit_last</wp:meta_key>
			<wp:meta_value><![CDATA[1]]></wp:meta_value>
		</wp:postmeta>
	</item>

	<item>
				<title>p-design-of-total-mechanics--berlin-design-week-poster</title>
		<link>http://demo.qodeinteractive.com/bridge26/portfolio_page/berlin-design-week-poster/p-design-of-total-mechanics-berlin-design-week-poster/</link>
		<pubDate>Wed, 30 Oct 2013 14:26:03 +0000</pubDate>
		<dc:creator><![CDATA[admin]]></dc:creator>
		<guid isPermaLink="false">http://demo.qodeinteractive.com/bridge26/wp-content/uploads/2013/10/p-design-of-total-mechanics-berlin-design-week-poster.jpg</guid>
		<description></description>
		<content:encoded><![CDATA[]]></content:encoded>
		<excerpt:encoded><![CDATA[]]></excerpt:encoded>
		<wp:post_id>2844</wp:post_id>
		<wp:post_date>2013-10-30 14:26:03</wp:post_date>
		<wp:post_date_gmt>2013-10-30 14:26:03</wp:post_date_gmt>
		<wp:comment_status>open</wp:comment_status>
		<wp:ping_status>open</wp:ping_status>
		<wp:post_name>p-design-of-total-mechanics-berlin-design-week-poster</wp:post_name>
		<wp:status>inherit</wp:status>
		<wp:post_parent>166</wp:post_parent>
		<wp:menu_order>0</wp:menu_order>
		<wp:post_type>attachment</wp:post_type>
		<wp:post_password></wp:post_password>
		<wp:is_sticky>0</wp:is_sticky>
		<wp:attachment_url>http://demo.qodeinteractive.com/bridge26/wp-content/uploads/2013/10/p-design-of-total-mechanics-berlin-design-week-poster.jpg</wp:attachment_url>
		<wp:postmeta>
			<wp:meta_key>_wp_attached_file</wp:meta_key>
			<wp:meta_value><![CDATA[2013/10/p-design-of-total-mechanics-berlin-design-week-poster.jpg]]></wp:meta_value>
		</wp:postmeta>
		<wp:postmeta>
			<wp:meta_key>_wp_attachment_metadata</wp:meta_key>
			<wp:meta_value><![CDATA[a:5:{s:5:"width";i:1100;s:6:"height";i:825;s:4:"file";s:65:"2013/10/p-design-of-total-mechanics-berlin-design-week-poster.jpg";s:5:"sizes";a:15:{s:9:"thumbnail";a:4:{s:4:"file";s:65:"p-design-of-total-mechanics-berlin-design-week-poster-150x150.jpg";s:5:"width";i:150;s:6:"height";i:150;s:9:"mime-type";s:10:"image/jpeg";}s:6:"medium";a:4:{s:4:"file";s:65:"p-design-of-total-mechanics-berlin-design-week-poster-300x224.jpg";s:5:"width";i:300;s:6:"height";i:224;s:9:"mime-type";s:10:"image/jpeg";}s:5:"large";a:4:{s:4:"file";s:66:"p-design-of-total-mechanics-berlin-design-week-poster-1024x768.jpg";s:5:"width";i:1024;s:6:"height";i:768;s:9:"mime-type";s:10:"image/jpeg";}s:16:"portfolio-square";a:4:{s:4:"file";s:65:"p-design-of-total-mechanics-berlin-design-week-poster-570x570.jpg";s:5:"width";i:570;s:6:"height";i:570;s:9:"mime-type";s:10:"image/jpeg";}s:18:"menu-featured-post";a:4:{s:4:"file";s:65:"p-design-of-total-mechanics-berlin-design-week-poster-345x198.jpg";s:5:"width";i:345;s:6:"height";i:198;s:9:"mime-type";s:10:"image/jpeg";}s:20:"qode-carousel_slider";a:4:{s:4:"file";s:65:"p-design-of-total-mechanics-berlin-design-week-poster-400x260.jpg";s:5:"width";i:400;s:6:"height";i:260;s:9:"mime-type";s:10:"image/jpeg";}s:16:"portfolio_slider";a:4:{s:4:"file";s:65:"p-design-of-total-mechanics-berlin-design-week-poster-480x320.jpg";s:5:"width";i:480;s:6:"height";i:320;s:9:"mime-type";s:10:"image/jpeg";}s:25:"portfolio_masonry_regular";a:4:{s:4:"file";s:65:"p-design-of-total-mechanics-berlin-design-week-poster-500x500.jpg";s:5:"width";i:500;s:6:"height";i:500;s:9:"mime-type";s:10:"image/jpeg";}s:22:"portfolio_masonry_wide";a:4:{s:4:"file";s:66:"p-design-of-total-mechanics-berlin-design-week-poster-1000x500.jpg";s:5:"width";i:1000;s:6:"height";i:500;s:9:"mime-type";s:10:"image/jpeg";}s:22:"portfolio_masonry_tall";a:4:{s:4:"file";s:65:"p-design-of-total-mechanics-berlin-design-week-poster-500x825.jpg";s:5:"width";i:500;s:6:"height";i:825;s:9:"mime-type";s:10:"image/jpeg";}s:23:"portfolio_masonry_large";a:4:{s:4:"file";s:66:"p-design-of-total-mechanics-berlin-design-week-poster-1000x825.jpg";s:5:"width";i:1000;s:6:"height";i:825;s:9:"mime-type";s:10:"image/jpeg";}s:17:"latest_post_boxes";a:4:{s:4:"file";s:65:"p-design-of-total-mechanics-berlin-design-week-poster-539x303.jpg";s:5:"width";i:539;s:6:"height";i:303;s:9:"mime-type";s:10:"image/jpeg";}s:14:"shop_thumbnail";a:4:{s:4:"file";s:65:"p-design-of-total-mechanics-berlin-design-week-poster-166x125.jpg";s:5:"width";i:166;s:6:"height";i:125;s:9:"mime-type";s:10:"image/jpeg";}s:12:"shop_catalog";a:4:{s:4:"file";s:65:"p-design-of-total-mechanics-berlin-design-week-poster-292x219.jpg";s:5:"width";i:292;s:6:"height";i:219;s:9:"mime-type";s:10:"image/jpeg";}s:11:"shop_single";a:4:{s:4:"file";s:65:"p-design-of-total-mechanics-berlin-design-week-poster-528x396.jpg";s:5:"width";i:528;s:6:"height";i:396;s:9:"mime-type";s:10:"image/jpeg";}}s:10:"image_meta";a:10:{s:8:"aperture";i:0;s:6:"credit";s:0:"";s:6:"camera";s:0:"";s:7:"caption";s:0:"";s:17:"created_timestamp";i:0;s:9:"copyright";s:0:"";s:12:"focal_length";i:0;s:3:"iso";i:0;s:13:"shutter_speed";i:0;s:5:"title";s:0:"";}}]]></wp:meta_value>
		</wp:postmeta>
		<wp:postmeta>
			<wp:meta_key>_wp_attachment_image_alt</wp:meta_key>
			<wp:meta_value><![CDATA[qode interactive strata]]></wp:meta_value>
		</wp:postmeta>
		<wp:postmeta>
			<wp:meta_key>_edit_last</wp:meta_key>
			<wp:meta_value><![CDATA[1]]></wp:meta_value>
		</wp:postmeta>
	</item>

	<item>
				<title>p-project1-01</title>
		<link>http://demo.qodeinteractive.com/bridge26/?attachment_id=2845</link>
		<pubDate>Wed, 30 Oct 2013 14:26:26 +0000</pubDate>
		<dc:creator><![CDATA[admin]]></dc:creator>
		<guid isPermaLink="false">http://demo.qodeinteractive.com/bridge26/wp-content/uploads/2013/10/p-project1-01.jpg</guid>
		<description></description>
		<content:encoded><![CDATA[]]></content:encoded>
		<excerpt:encoded><![CDATA[]]></excerpt:encoded>
		<wp:post_id>2845</wp:post_id>
		<wp:post_date>2013-10-30 14:26:26</wp:post_date>
		<wp:post_date_gmt>2013-10-30 14:26:26</wp:post_date_gmt>
		<wp:comment_status>open</wp:comment_status>
		<wp:ping_status>open</wp:ping_status>
		<wp:post_name>p-project1-01</wp:post_name>
		<wp:status>inherit</wp:status>
		<wp:post_parent>0</wp:post_parent>
		<wp:menu_order>0</wp:menu_order>
		<wp:post_type>attachment</wp:post_type>
		<wp:post_password></wp:post_password>
		<wp:is_sticky>0</wp:is_sticky>
		<wp:attachment_url>http://demo.qodeinteractive.com/bridge26/wp-content/uploads/2013/10/p-project1-01.jpg</wp:attachment_url>
		<wp:postmeta>
			<wp:meta_key>_wp_attached_file</wp:meta_key>
			<wp:meta_value><![CDATA[2013/10/p-project1-01.jpg]]></wp:meta_value>
		</wp:postmeta>
		<wp:postmeta>
			<wp:meta_key>_wp_attachment_metadata</wp:meta_key>
			<wp:meta_value><![CDATA[a:5:{s:5:"width";i:1100;s:6:"height";i:619;s:4:"file";s:25:"2013/10/p-project1-01.jpg";s:5:"sizes";a:15:{s:9:"thumbnail";a:4:{s:4:"file";s:25:"p-project1-01-150x150.jpg";s:5:"width";i:150;s:6:"height";i:150;s:9:"mime-type";s:10:"image/jpeg";}s:6:"medium";a:4:{s:4:"file";s:25:"p-project1-01-300x168.jpg";s:5:"width";i:300;s:6:"height";i:168;s:9:"mime-type";s:10:"image/jpeg";}s:5:"large";a:4:{s:4:"file";s:26:"p-project1-01-1024x576.jpg";s:5:"width";i:1024;s:6:"height";i:576;s:9:"mime-type";s:10:"image/jpeg";}s:16:"portfolio-square";a:4:{s:4:"file";s:25:"p-project1-01-570x570.jpg";s:5:"width";i:570;s:6:"height";i:570;s:9:"mime-type";s:10:"image/jpeg";}s:18:"menu-featured-post";a:4:{s:4:"file";s:25:"p-project1-01-345x198.jpg";s:5:"width";i:345;s:6:"height";i:198;s:9:"mime-type";s:10:"image/jpeg";}s:20:"qode-carousel_slider";a:4:{s:4:"file";s:25:"p-project1-01-400x260.jpg";s:5:"width";i:400;s:6:"height";i:260;s:9:"mime-type";s:10:"image/jpeg";}s:16:"portfolio_slider";a:4:{s:4:"file";s:25:"p-project1-01-480x320.jpg";s:5:"width";i:480;s:6:"height";i:320;s:9:"mime-type";s:10:"image/jpeg";}s:25:"portfolio_masonry_regular";a:4:{s:4:"file";s:25:"p-project1-01-500x500.jpg";s:5:"width";i:500;s:6:"height";i:500;s:9:"mime-type";s:10:"image/jpeg";}s:22:"portfolio_masonry_wide";a:4:{s:4:"file";s:26:"p-project1-01-1000x500.jpg";s:5:"width";i:1000;s:6:"height";i:500;s:9:"mime-type";s:10:"image/jpeg";}s:22:"portfolio_masonry_tall";a:4:{s:4:"file";s:25:"p-project1-01-500x619.jpg";s:5:"width";i:500;s:6:"height";i:619;s:9:"mime-type";s:10:"image/jpeg";}s:23:"portfolio_masonry_large";a:4:{s:4:"file";s:26:"p-project1-01-1000x619.jpg";s:5:"width";i:1000;s:6:"height";i:619;s:9:"mime-type";s:10:"image/jpeg";}s:17:"latest_post_boxes";a:4:{s:4:"file";s:25:"p-project1-01-539x303.jpg";s:5:"width";i:539;s:6:"height";i:303;s:9:"mime-type";s:10:"image/jpeg";}s:14:"shop_thumbnail";a:4:{s:4:"file";s:24:"p-project1-01-170x95.jpg";s:5:"width";i:170;s:6:"height";i:95;s:9:"mime-type";s:10:"image/jpeg";}s:12:"shop_catalog";a:4:{s:4:"file";s:25:"p-project1-01-300x168.jpg";s:5:"width";i:300;s:6:"height";i:168;s:9:"mime-type";s:10:"image/jpeg";}s:11:"shop_single";a:4:{s:4:"file";s:25:"p-project1-01-540x303.jpg";s:5:"width";i:540;s:6:"height";i:303;s:9:"mime-type";s:10:"image/jpeg";}}s:10:"image_meta";a:10:{s:8:"aperture";i:0;s:6:"credit";s:0:"";s:6:"camera";s:0:"";s:7:"caption";s:0:"";s:17:"created_timestamp";i:0;s:9:"copyright";s:0:"";s:12:"focal_length";i:0;s:3:"iso";i:0;s:13:"shutter_speed";i:0;s:5:"title";s:0:"";}}]]></wp:meta_value>
		</wp:postmeta>
		<wp:postmeta>
			<wp:meta_key>_wp_attachment_image_alt</wp:meta_key>
			<wp:meta_value><![CDATA[qode interactive strata]]></wp:meta_value>
		</wp:postmeta>
		<wp:postmeta>
			<wp:meta_key>_edit_last</wp:meta_key>
			<wp:meta_value><![CDATA[1]]></wp:meta_value>
		</wp:postmeta>
	</item>

	<item>
				<title>p-project1-02</title>
		<link>http://demo.qodeinteractive.com/bridge26/?attachment_id=2846</link>
		<pubDate>Wed, 30 Oct 2013 14:26:27 +0000</pubDate>
		<dc:creator><![CDATA[admin]]></dc:creator>
		<guid isPermaLink="false">http://demo.qodeinteractive.com/bridge26/wp-content/uploads/2013/10/p-project1-02.jpg</guid>
		<description></description>
		<content:encoded><![CDATA[]]></content:encoded>
		<excerpt:encoded><![CDATA[]]></excerpt:encoded>
		<wp:post_id>2846</wp:post_id>
		<wp:post_date>2013-10-30 14:26:27</wp:post_date>
		<wp:post_date_gmt>2013-10-30 14:26:27</wp:post_date_gmt>
		<wp:comment_status>open</wp:comment_status>
		<wp:ping_status>open</wp:ping_status>
		<wp:post_name>p-project1-02</wp:post_name>
		<wp:status>inherit</wp:status>
		<wp:post_parent>0</wp:post_parent>
		<wp:menu_order>0</wp:menu_order>
		<wp:post_type>attachment</wp:post_type>
		<wp:post_password></wp:post_password>
		<wp:is_sticky>0</wp:is_sticky>
		<wp:attachment_url>http://demo.qodeinteractive.com/bridge26/wp-content/uploads/2013/10/p-project1-02.jpg</wp:attachment_url>
		<wp:postmeta>
			<wp:meta_key>_wp_attached_file</wp:meta_key>
			<wp:meta_value><![CDATA[2013/10/p-project1-02.jpg]]></wp:meta_value>
		</wp:postmeta>
		<wp:postmeta>
			<wp:meta_key>_wp_attachment_metadata</wp:meta_key>
			<wp:meta_value><![CDATA[a:5:{s:5:"width";i:1100;s:6:"height";i:619;s:4:"file";s:25:"2013/10/p-project1-02.jpg";s:5:"sizes";a:15:{s:9:"thumbnail";a:4:{s:4:"file";s:25:"p-project1-02-150x150.jpg";s:5:"width";i:150;s:6:"height";i:150;s:9:"mime-type";s:10:"image/jpeg";}s:6:"medium";a:4:{s:4:"file";s:25:"p-project1-02-300x168.jpg";s:5:"width";i:300;s:6:"height";i:168;s:9:"mime-type";s:10:"image/jpeg";}s:5:"large";a:4:{s:4:"file";s:26:"p-project1-02-1024x576.jpg";s:5:"width";i:1024;s:6:"height";i:576;s:9:"mime-type";s:10:"image/jpeg";}s:16:"portfolio-square";a:4:{s:4:"file";s:25:"p-project1-02-570x570.jpg";s:5:"width";i:570;s:6:"height";i:570;s:9:"mime-type";s:10:"image/jpeg";}s:18:"menu-featured-post";a:4:{s:4:"file";s:25:"p-project1-02-345x198.jpg";s:5:"width";i:345;s:6:"height";i:198;s:9:"mime-type";s:10:"image/jpeg";}s:20:"qode-carousel_slider";a:4:{s:4:"file";s:25:"p-project1-02-400x260.jpg";s:5:"width";i:400;s:6:"height";i:260;s:9:"mime-type";s:10:"image/jpeg";}s:16:"portfolio_slider";a:4:{s:4:"file";s:25:"p-project1-02-480x320.jpg";s:5:"width";i:480;s:6:"height";i:320;s:9:"mime-type";s:10:"image/jpeg";}s:25:"portfolio_masonry_regular";a:4:{s:4:"file";s:25:"p-project1-02-500x500.jpg";s:5:"width";i:500;s:6:"height";i:500;s:9:"mime-type";s:10:"image/jpeg";}s:22:"portfolio_masonry_wide";a:4:{s:4:"file";s:26:"p-project1-02-1000x500.jpg";s:5:"width";i:1000;s:6:"height";i:500;s:9:"mime-type";s:10:"image/jpeg";}s:22:"portfolio_masonry_tall";a:4:{s:4:"file";s:25:"p-project1-02-500x619.jpg";s:5:"width";i:500;s:6:"height";i:619;s:9:"mime-type";s:10:"image/jpeg";}s:23:"portfolio_masonry_large";a:4:{s:4:"file";s:26:"p-project1-02-1000x619.jpg";s:5:"width";i:1000;s:6:"height";i:619;s:9:"mime-type";s:10:"image/jpeg";}s:17:"latest_post_boxes";a:4:{s:4:"file";s:25:"p-project1-02-539x303.jpg";s:5:"width";i:539;s:6:"height";i:303;s:9:"mime-type";s:10:"image/jpeg";}s:14:"shop_thumbnail";a:4:{s:4:"file";s:24:"p-project1-02-170x95.jpg";s:5:"width";i:170;s:6:"height";i:95;s:9:"mime-type";s:10:"image/jpeg";}s:12:"shop_catalog";a:4:{s:4:"file";s:25:"p-project1-02-300x168.jpg";s:5:"width";i:300;s:6:"height";i:168;s:9:"mime-type";s:10:"image/jpeg";}s:11:"shop_single";a:4:{s:4:"file";s:25:"p-project1-02-540x303.jpg";s:5:"width";i:540;s:6:"height";i:303;s:9:"mime-type";s:10:"image/jpeg";}}s:10:"image_meta";a:10:{s:8:"aperture";i:0;s:6:"credit";s:0:"";s:6:"camera";s:0:"";s:7:"caption";s:0:"";s:17:"created_timestamp";i:0;s:9:"copyright";s:0:"";s:12:"focal_length";i:0;s:3:"iso";i:0;s:13:"shutter_speed";i:0;s:5:"title";s:0:"";}}]]></wp:meta_value>
		</wp:postmeta>
		<wp:postmeta>
			<wp:meta_key>_wp_attachment_image_alt</wp:meta_key>
			<wp:meta_value><![CDATA[qode interactive strata]]></wp:meta_value>
		</wp:postmeta>
		<wp:postmeta>
			<wp:meta_key>_edit_last</wp:meta_key>
			<wp:meta_value><![CDATA[1]]></wp:meta_value>
		</wp:postmeta>
	</item>

	<item>
				<title>p-project1-03</title>
		<link>http://demo.qodeinteractive.com/bridge26/?attachment_id=2847</link>
		<pubDate>Wed, 30 Oct 2013 14:26:28 +0000</pubDate>
		<dc:creator><![CDATA[admin]]></dc:creator>
		<guid isPermaLink="false">http://demo.qodeinteractive.com/bridge26/wp-content/uploads/2013/10/p-project1-03.jpg</guid>
		<description></description>
		<content:encoded><![CDATA[]]></content:encoded>
		<excerpt:encoded><![CDATA[]]></excerpt:encoded>
		<wp:post_id>2847</wp:post_id>
		<wp:post_date>2013-10-30 14:26:28</wp:post_date>
		<wp:post_date_gmt>2013-10-30 14:26:28</wp:post_date_gmt>
		<wp:comment_status>open</wp:comment_status>
		<wp:ping_status>open</wp:ping_status>
		<wp:post_name>p-project1-03</wp:post_name>
		<wp:status>inherit</wp:status>
		<wp:post_parent>0</wp:post_parent>
		<wp:menu_order>0</wp:menu_order>
		<wp:post_type>attachment</wp:post_type>
		<wp:post_password></wp:post_password>
		<wp:is_sticky>0</wp:is_sticky>
		<wp:attachment_url>http://demo.qodeinteractive.com/bridge26/wp-content/uploads/2013/10/p-project1-03.jpg</wp:attachment_url>
		<wp:postmeta>
			<wp:meta_key>_wp_attached_file</wp:meta_key>
			<wp:meta_value><![CDATA[2013/10/p-project1-03.jpg]]></wp:meta_value>
		</wp:postmeta>
		<wp:postmeta>
			<wp:meta_key>_wp_attachment_metadata</wp:meta_key>
			<wp:meta_value><![CDATA[a:5:{s:5:"width";i:1100;s:6:"height";i:619;s:4:"file";s:25:"2013/10/p-project1-03.jpg";s:5:"sizes";a:15:{s:9:"thumbnail";a:4:{s:4:"file";s:25:"p-project1-03-150x150.jpg";s:5:"width";i:150;s:6:"height";i:150;s:9:"mime-type";s:10:"image/jpeg";}s:6:"medium";a:4:{s:4:"file";s:25:"p-project1-03-300x168.jpg";s:5:"width";i:300;s:6:"height";i:168;s:9:"mime-type";s:10:"image/jpeg";}s:5:"large";a:4:{s:4:"file";s:26:"p-project1-03-1024x576.jpg";s:5:"width";i:1024;s:6:"height";i:576;s:9:"mime-type";s:10:"image/jpeg";}s:16:"portfolio-square";a:4:{s:4:"file";s:25:"p-project1-03-570x570.jpg";s:5:"width";i:570;s:6:"height";i:570;s:9:"mime-type";s:10:"image/jpeg";}s:18:"menu-featured-post";a:4:{s:4:"file";s:25:"p-project1-03-345x198.jpg";s:5:"width";i:345;s:6:"height";i:198;s:9:"mime-type";s:10:"image/jpeg";}s:20:"qode-carousel_slider";a:4:{s:4:"file";s:25:"p-project1-03-400x260.jpg";s:5:"width";i:400;s:6:"height";i:260;s:9:"mime-type";s:10:"image/jpeg";}s:16:"portfolio_slider";a:4:{s:4:"file";s:25:"p-project1-03-480x320.jpg";s:5:"width";i:480;s:6:"height";i:320;s:9:"mime-type";s:10:"image/jpeg";}s:25:"portfolio_masonry_regular";a:4:{s:4:"file";s:25:"p-project1-03-500x500.jpg";s:5:"width";i:500;s:6:"height";i:500;s:9:"mime-type";s:10:"image/jpeg";}s:22:"portfolio_masonry_wide";a:4:{s:4:"file";s:26:"p-project1-03-1000x500.jpg";s:5:"width";i:1000;s:6:"height";i:500;s:9:"mime-type";s:10:"image/jpeg";}s:22:"portfolio_masonry_tall";a:4:{s:4:"file";s:25:"p-project1-03-500x619.jpg";s:5:"width";i:500;s:6:"height";i:619;s:9:"mime-type";s:10:"image/jpeg";}s:23:"portfolio_masonry_large";a:4:{s:4:"file";s:26:"p-project1-03-1000x619.jpg";s:5:"width";i:1000;s:6:"height";i:619;s:9:"mime-type";s:10:"image/jpeg";}s:17:"latest_post_boxes";a:4:{s:4:"file";s:25:"p-project1-03-539x303.jpg";s:5:"width";i:539;s:6:"height";i:303;s:9:"mime-type";s:10:"image/jpeg";}s:14:"shop_thumbnail";a:4:{s:4:"file";s:24:"p-project1-03-170x95.jpg";s:5:"width";i:170;s:6:"height";i:95;s:9:"mime-type";s:10:"image/jpeg";}s:12:"shop_catalog";a:4:{s:4:"file";s:25:"p-project1-03-300x168.jpg";s:5:"width";i:300;s:6:"height";i:168;s:9:"mime-type";s:10:"image/jpeg";}s:11:"shop_single";a:4:{s:4:"file";s:25:"p-project1-03-540x303.jpg";s:5:"width";i:540;s:6:"height";i:303;s:9:"mime-type";s:10:"image/jpeg";}}s:10:"image_meta";a:10:{s:8:"aperture";i:0;s:6:"credit";s:0:"";s:6:"camera";s:0:"";s:7:"caption";s:0:"";s:17:"created_timestamp";i:0;s:9:"copyright";s:0:"";s:12:"focal_length";i:0;s:3:"iso";i:0;s:13:"shutter_speed";i:0;s:5:"title";s:0:"";}}]]></wp:meta_value>
		</wp:postmeta>
		<wp:postmeta>
			<wp:meta_key>_wp_attachment_image_alt</wp:meta_key>
			<wp:meta_value><![CDATA[qode interactive strata]]></wp:meta_value>
		</wp:postmeta>
		<wp:postmeta>
			<wp:meta_key>_edit_last</wp:meta_key>
			<wp:meta_value><![CDATA[1]]></wp:meta_value>
		</wp:postmeta>
	</item>

	<item>
				<title>p-project2-01</title>
		<link>http://demo.qodeinteractive.com/bridge26/?attachment_id=2848</link>
		<pubDate>Wed, 30 Oct 2013 14:27:29 +0000</pubDate>
		<dc:creator><![CDATA[admin]]></dc:creator>
		<guid isPermaLink="false">http://demo.qodeinteractive.com/bridge26/wp-content/uploads/2013/10/p-project2-01.jpg</guid>
		<description></description>
		<content:encoded><![CDATA[]]></content:encoded>
		<excerpt:encoded><![CDATA[]]></excerpt:encoded>
		<wp:post_id>2848</wp:post_id>
		<wp:post_date>2013-10-30 14:27:29</wp:post_date>
		<wp:post_date_gmt>2013-10-30 14:27:29</wp:post_date_gmt>
		<wp:comment_status>open</wp:comment_status>
		<wp:ping_status>open</wp:ping_status>
		<wp:post_name>p-project2-01</wp:post_name>
		<wp:status>inherit</wp:status>
		<wp:post_parent>0</wp:post_parent>
		<wp:menu_order>0</wp:menu_order>
		<wp:post_type>attachment</wp:post_type>
		<wp:post_password></wp:post_password>
		<wp:is_sticky>0</wp:is_sticky>
		<wp:attachment_url>http://demo.qodeinteractive.com/bridge26/wp-content/uploads/2013/10/p-project2-01.jpg</wp:attachment_url>
		<wp:postmeta>
			<wp:meta_key>_wp_attached_file</wp:meta_key>
			<wp:meta_value><![CDATA[2013/10/p-project2-01.jpg]]></wp:meta_value>
		</wp:postmeta>
		<wp:postmeta>
			<wp:meta_key>_wp_attachment_metadata</wp:meta_key>
			<wp:meta_value><![CDATA[a:5:{s:5:"width";i:1200;s:6:"height";i:675;s:4:"file";s:25:"2013/10/p-project2-01.jpg";s:5:"sizes";a:15:{s:9:"thumbnail";a:4:{s:4:"file";s:25:"p-project2-01-150x150.jpg";s:5:"width";i:150;s:6:"height";i:150;s:9:"mime-type";s:10:"image/jpeg";}s:6:"medium";a:4:{s:4:"file";s:25:"p-project2-01-300x168.jpg";s:5:"width";i:300;s:6:"height";i:168;s:9:"mime-type";s:10:"image/jpeg";}s:5:"large";a:4:{s:4:"file";s:26:"p-project2-01-1024x576.jpg";s:5:"width";i:1024;s:6:"height";i:576;s:9:"mime-type";s:10:"image/jpeg";}s:16:"portfolio-square";a:4:{s:4:"file";s:25:"p-project2-01-570x570.jpg";s:5:"width";i:570;s:6:"height";i:570;s:9:"mime-type";s:10:"image/jpeg";}s:18:"menu-featured-post";a:4:{s:4:"file";s:25:"p-project2-01-345x198.jpg";s:5:"width";i:345;s:6:"height";i:198;s:9:"mime-type";s:10:"image/jpeg";}s:20:"qode-carousel_slider";a:4:{s:4:"file";s:25:"p-project2-01-400x260.jpg";s:5:"width";i:400;s:6:"height";i:260;s:9:"mime-type";s:10:"image/jpeg";}s:16:"portfolio_slider";a:4:{s:4:"file";s:25:"p-project2-01-480x320.jpg";s:5:"width";i:480;s:6:"height";i:320;s:9:"mime-type";s:10:"image/jpeg";}s:25:"portfolio_masonry_regular";a:4:{s:4:"file";s:25:"p-project2-01-500x500.jpg";s:5:"width";i:500;s:6:"height";i:500;s:9:"mime-type";s:10:"image/jpeg";}s:22:"portfolio_masonry_wide";a:4:{s:4:"file";s:26:"p-project2-01-1000x500.jpg";s:5:"width";i:1000;s:6:"height";i:500;s:9:"mime-type";s:10:"image/jpeg";}s:22:"portfolio_masonry_tall";a:4:{s:4:"file";s:25:"p-project2-01-500x675.jpg";s:5:"width";i:500;s:6:"height";i:675;s:9:"mime-type";s:10:"image/jpeg";}s:23:"portfolio_masonry_large";a:4:{s:4:"file";s:26:"p-project2-01-1000x675.jpg";s:5:"width";i:1000;s:6:"height";i:675;s:9:"mime-type";s:10:"image/jpeg";}s:17:"latest_post_boxes";a:4:{s:4:"file";s:25:"p-project2-01-539x303.jpg";s:5:"width";i:539;s:6:"height";i:303;s:9:"mime-type";s:10:"image/jpeg";}s:14:"shop_thumbnail";a:4:{s:4:"file";s:24:"p-project2-01-170x95.jpg";s:5:"width";i:170;s:6:"height";i:95;s:9:"mime-type";s:10:"image/jpeg";}s:12:"shop_catalog";a:4:{s:4:"file";s:25:"p-project2-01-300x168.jpg";s:5:"width";i:300;s:6:"height";i:168;s:9:"mime-type";s:10:"image/jpeg";}s:11:"shop_single";a:4:{s:4:"file";s:25:"p-project2-01-540x303.jpg";s:5:"width";i:540;s:6:"height";i:303;s:9:"mime-type";s:10:"image/jpeg";}}s:10:"image_meta";a:10:{s:8:"aperture";i:0;s:6:"credit";s:0:"";s:6:"camera";s:0:"";s:7:"caption";s:0:"";s:17:"created_timestamp";i:0;s:9:"copyright";s:0:"";s:12:"focal_length";i:0;s:3:"iso";i:0;s:13:"shutter_speed";i:0;s:5:"title";s:0:"";}}]]></wp:meta_value>
		</wp:postmeta>
		<wp:postmeta>
			<wp:meta_key>_wp_attachment_image_alt</wp:meta_key>
			<wp:meta_value><![CDATA[qode interactive strata]]></wp:meta_value>
		</wp:postmeta>
		<wp:postmeta>
			<wp:meta_key>_edit_last</wp:meta_key>
			<wp:meta_value><![CDATA[1]]></wp:meta_value>
		</wp:postmeta>
	</item>

	<item>
				<title>p-project2-02</title>
		<link>http://demo.qodeinteractive.com/bridge26/?attachment_id=2849</link>
		<pubDate>Wed, 30 Oct 2013 14:27:43 +0000</pubDate>
		<dc:creator><![CDATA[admin]]></dc:creator>
		<guid isPermaLink="false">http://demo.qodeinteractive.com/bridge26/wp-content/uploads/2013/10/p-project2-02.jpg</guid>
		<description></description>
		<content:encoded><![CDATA[]]></content:encoded>
		<excerpt:encoded><![CDATA[]]></excerpt:encoded>
		<wp:post_id>2849</wp:post_id>
		<wp:post_date>2013-10-30 14:27:43</wp:post_date>
		<wp:post_date_gmt>2013-10-30 14:27:43</wp:post_date_gmt>
		<wp:comment_status>open</wp:comment_status>
		<wp:ping_status>open</wp:ping_status>
		<wp:post_name>p-project2-02</wp:post_name>
		<wp:status>inherit</wp:status>
		<wp:post_parent>0</wp:post_parent>
		<wp:menu_order>0</wp:menu_order>
		<wp:post_type>attachment</wp:post_type>
		<wp:post_password></wp:post_password>
		<wp:is_sticky>0</wp:is_sticky>
		<wp:attachment_url>http://demo.qodeinteractive.com/bridge26/wp-content/uploads/2013/10/p-project2-02.jpg</wp:attachment_url>
		<wp:postmeta>
			<wp:meta_key>_wp_attached_file</wp:meta_key>
			<wp:meta_value><![CDATA[2013/10/p-project2-02.jpg]]></wp:meta_value>
		</wp:postmeta>
		<wp:postmeta>
			<wp:meta_key>_wp_attachment_metadata</wp:meta_key>
			<wp:meta_value><![CDATA[a:5:{s:5:"width";i:1200;s:6:"height";i:675;s:4:"file";s:25:"2013/10/p-project2-02.jpg";s:5:"sizes";a:15:{s:9:"thumbnail";a:4:{s:4:"file";s:25:"p-project2-02-150x150.jpg";s:5:"width";i:150;s:6:"height";i:150;s:9:"mime-type";s:10:"image/jpeg";}s:6:"medium";a:4:{s:4:"file";s:25:"p-project2-02-300x168.jpg";s:5:"width";i:300;s:6:"height";i:168;s:9:"mime-type";s:10:"image/jpeg";}s:5:"large";a:4:{s:4:"file";s:26:"p-project2-02-1024x576.jpg";s:5:"width";i:1024;s:6:"height";i:576;s:9:"mime-type";s:10:"image/jpeg";}s:16:"portfolio-square";a:4:{s:4:"file";s:25:"p-project2-02-570x570.jpg";s:5:"width";i:570;s:6:"height";i:570;s:9:"mime-type";s:10:"image/jpeg";}s:18:"menu-featured-post";a:4:{s:4:"file";s:25:"p-project2-02-345x198.jpg";s:5:"width";i:345;s:6:"height";i:198;s:9:"mime-type";s:10:"image/jpeg";}s:20:"qode-carousel_slider";a:4:{s:4:"file";s:25:"p-project2-02-400x260.jpg";s:5:"width";i:400;s:6:"height";i:260;s:9:"mime-type";s:10:"image/jpeg";}s:16:"portfolio_slider";a:4:{s:4:"file";s:25:"p-project2-02-480x320.jpg";s:5:"width";i:480;s:6:"height";i:320;s:9:"mime-type";s:10:"image/jpeg";}s:25:"portfolio_masonry_regular";a:4:{s:4:"file";s:25:"p-project2-02-500x500.jpg";s:5:"width";i:500;s:6:"height";i:500;s:9:"mime-type";s:10:"image/jpeg";}s:22:"portfolio_masonry_wide";a:4:{s:4:"file";s:26:"p-project2-02-1000x500.jpg";s:5:"width";i:1000;s:6:"height";i:500;s:9:"mime-type";s:10:"image/jpeg";}s:22:"portfolio_masonry_tall";a:4:{s:4:"file";s:25:"p-project2-02-500x675.jpg";s:5:"width";i:500;s:6:"height";i:675;s:9:"mime-type";s:10:"image/jpeg";}s:23:"portfolio_masonry_large";a:4:{s:4:"file";s:26:"p-project2-02-1000x675.jpg";s:5:"width";i:1000;s:6:"height";i:675;s:9:"mime-type";s:10:"image/jpeg";}s:17:"latest_post_boxes";a:4:{s:4:"file";s:25:"p-project2-02-539x303.jpg";s:5:"width";i:539;s:6:"height";i:303;s:9:"mime-type";s:10:"image/jpeg";}s:14:"shop_thumbnail";a:4:{s:4:"file";s:24:"p-project2-02-170x95.jpg";s:5:"width";i:170;s:6:"height";i:95;s:9:"mime-type";s:10:"image/jpeg";}s:12:"shop_catalog";a:4:{s:4:"file";s:25:"p-project2-02-300x168.jpg";s:5:"width";i:300;s:6:"height";i:168;s:9:"mime-type";s:10:"image/jpeg";}s:11:"shop_single";a:4:{s:4:"file";s:25:"p-project2-02-540x303.jpg";s:5:"width";i:540;s:6:"height";i:303;s:9:"mime-type";s:10:"image/jpeg";}}s:10:"image_meta";a:10:{s:8:"aperture";i:0;s:6:"credit";s:0:"";s:6:"camera";s:0:"";s:7:"caption";s:0:"";s:17:"created_timestamp";i:0;s:9:"copyright";s:0:"";s:12:"focal_length";i:0;s:3:"iso";i:0;s:13:"shutter_speed";i:0;s:5:"title";s:0:"";}}]]></wp:meta_value>
		</wp:postmeta>
		<wp:postmeta>
			<wp:meta_key>_wp_attachment_image_alt</wp:meta_key>
			<wp:meta_value><![CDATA[qode interactive strata]]></wp:meta_value>
		</wp:postmeta>
		<wp:postmeta>
			<wp:meta_key>_edit_last</wp:meta_key>
			<wp:meta_value><![CDATA[1]]></wp:meta_value>
		</wp:postmeta>
	</item>

	<item>
				<title>p-project2-03</title>
		<link>http://demo.qodeinteractive.com/bridge26/?attachment_id=2850</link>
		<pubDate>Wed, 30 Oct 2013 14:27:55 +0000</pubDate>
		<dc:creator><![CDATA[admin]]></dc:creator>
		<guid isPermaLink="false">http://demo.qodeinteractive.com/bridge26/wp-content/uploads/2013/10/p-project2-03.jpg</guid>
		<description></description>
		<content:encoded><![CDATA[]]></content:encoded>
		<excerpt:encoded><![CDATA[]]></excerpt:encoded>
		<wp:post_id>2850</wp:post_id>
		<wp:post_date>2013-10-30 14:27:55</wp:post_date>
		<wp:post_date_gmt>2013-10-30 14:27:55</wp:post_date_gmt>
		<wp:comment_status>open</wp:comment_status>
		<wp:ping_status>open</wp:ping_status>
		<wp:post_name>p-project2-03</wp:post_name>
		<wp:status>inherit</wp:status>
		<wp:post_parent>0</wp:post_parent>
		<wp:menu_order>0</wp:menu_order>
		<wp:post_type>attachment</wp:post_type>
		<wp:post_password></wp:post_password>
		<wp:is_sticky>0</wp:is_sticky>
		<wp:attachment_url>http://demo.qodeinteractive.com/bridge26/wp-content/uploads/2013/10/p-project2-03.jpg</wp:attachment_url>
		<wp:postmeta>
			<wp:meta_key>_wp_attached_file</wp:meta_key>
			<wp:meta_value><![CDATA[2013/10/p-project2-03.jpg]]></wp:meta_value>
		</wp:postmeta>
		<wp:postmeta>
			<wp:meta_key>_wp_attachment_metadata</wp:meta_key>
			<wp:meta_value><![CDATA[a:5:{s:5:"width";i:1200;s:6:"height";i:675;s:4:"file";s:25:"2013/10/p-project2-03.jpg";s:5:"sizes";a:15:{s:9:"thumbnail";a:4:{s:4:"file";s:25:"p-project2-03-150x150.jpg";s:5:"width";i:150;s:6:"height";i:150;s:9:"mime-type";s:10:"image/jpeg";}s:6:"medium";a:4:{s:4:"file";s:25:"p-project2-03-300x168.jpg";s:5:"width";i:300;s:6:"height";i:168;s:9:"mime-type";s:10:"image/jpeg";}s:5:"large";a:4:{s:4:"file";s:26:"p-project2-03-1024x576.jpg";s:5:"width";i:1024;s:6:"height";i:576;s:9:"mime-type";s:10:"image/jpeg";}s:16:"portfolio-square";a:4:{s:4:"file";s:25:"p-project2-03-570x570.jpg";s:5:"width";i:570;s:6:"height";i:570;s:9:"mime-type";s:10:"image/jpeg";}s:18:"menu-featured-post";a:4:{s:4:"file";s:25:"p-project2-03-345x198.jpg";s:5:"width";i:345;s:6:"height";i:198;s:9:"mime-type";s:10:"image/jpeg";}s:20:"qode-carousel_slider";a:4:{s:4:"file";s:25:"p-project2-03-400x260.jpg";s:5:"width";i:400;s:6:"height";i:260;s:9:"mime-type";s:10:"image/jpeg";}s:16:"portfolio_slider";a:4:{s:4:"file";s:25:"p-project2-03-480x320.jpg";s:5:"width";i:480;s:6:"height";i:320;s:9:"mime-type";s:10:"image/jpeg";}s:25:"portfolio_masonry_regular";a:4:{s:4:"file";s:25:"p-project2-03-500x500.jpg";s:5:"width";i:500;s:6:"height";i:500;s:9:"mime-type";s:10:"image/jpeg";}s:22:"portfolio_masonry_wide";a:4:{s:4:"file";s:26:"p-project2-03-1000x500.jpg";s:5:"width";i:1000;s:6:"height";i:500;s:9:"mime-type";s:10:"image/jpeg";}s:22:"portfolio_masonry_tall";a:4:{s:4:"file";s:25:"p-project2-03-500x675.jpg";s:5:"width";i:500;s:6:"height";i:675;s:9:"mime-type";s:10:"image/jpeg";}s:23:"portfolio_masonry_large";a:4:{s:4:"file";s:26:"p-project2-03-1000x675.jpg";s:5:"width";i:1000;s:6:"height";i:675;s:9:"mime-type";s:10:"image/jpeg";}s:17:"latest_post_boxes";a:4:{s:4:"file";s:25:"p-project2-03-539x303.jpg";s:5:"width";i:539;s:6:"height";i:303;s:9:"mime-type";s:10:"image/jpeg";}s:14:"shop_thumbnail";a:4:{s:4:"file";s:24:"p-project2-03-170x95.jpg";s:5:"width";i:170;s:6:"height";i:95;s:9:"mime-type";s:10:"image/jpeg";}s:12:"shop_catalog";a:4:{s:4:"file";s:25:"p-project2-03-300x168.jpg";s:5:"width";i:300;s:6:"height";i:168;s:9:"mime-type";s:10:"image/jpeg";}s:11:"shop_single";a:4:{s:4:"file";s:25:"p-project2-03-540x303.jpg";s:5:"width";i:540;s:6:"height";i:303;s:9:"mime-type";s:10:"image/jpeg";}}s:10:"image_meta";a:10:{s:8:"aperture";i:0;s:6:"credit";s:0:"";s:6:"camera";s:0:"";s:7:"caption";s:0:"";s:17:"created_timestamp";i:0;s:9:"copyright";s:0:"";s:12:"focal_length";i:0;s:3:"iso";i:0;s:13:"shutter_speed";i:0;s:5:"title";s:0:"";}}]]></wp:meta_value>
		</wp:postmeta>
		<wp:postmeta>
			<wp:meta_key>_wp_attachment_image_alt</wp:meta_key>
			<wp:meta_value><![CDATA[qode interactive strata]]></wp:meta_value>
		</wp:postmeta>
		<wp:postmeta>
			<wp:meta_key>_edit_last</wp:meta_key>
			<wp:meta_value><![CDATA[1]]></wp:meta_value>
		</wp:postmeta>
	</item>

	<item>
				<title>p-vimeo-fx-showreel--abstract-style-of-handler</title>
		<link>http://demo.qodeinteractive.com/bridge26/portfolio_page/vimeo-fx-showreel/p-vimeo-fx-showreel-abstract-style-of-handler/</link>
		<pubDate>Wed, 30 Oct 2013 14:28:52 +0000</pubDate>
		<dc:creator><![CDATA[admin]]></dc:creator>
		<guid isPermaLink="false">http://demo.qodeinteractive.com/bridge26/wp-content/uploads/2013/10/p-vimeo-fx-showreel-abstract-style-of-handler.jpg</guid>
		<description></description>
		<content:encoded><![CDATA[]]></content:encoded>
		<excerpt:encoded><![CDATA[]]></excerpt:encoded>
		<wp:post_id>2851</wp:post_id>
		<wp:post_date>2013-10-30 14:28:52</wp:post_date>
		<wp:post_date_gmt>2013-10-30 14:28:52</wp:post_date_gmt>
		<wp:comment_status>open</wp:comment_status>
		<wp:ping_status>open</wp:ping_status>
		<wp:post_name>p-vimeo-fx-showreel-abstract-style-of-handler</wp:post_name>
		<wp:status>inherit</wp:status>
		<wp:post_parent>167</wp:post_parent>
		<wp:menu_order>0</wp:menu_order>
		<wp:post_type>attachment</wp:post_type>
		<wp:post_password></wp:post_password>
		<wp:is_sticky>0</wp:is_sticky>
		<wp:attachment_url>http://demo.qodeinteractive.com/bridge26/wp-content/uploads/2013/10/p-vimeo-fx-showreel-abstract-style-of-handler.jpg</wp:attachment_url>
		<wp:postmeta>
			<wp:meta_key>_wp_attached_file</wp:meta_key>
			<wp:meta_value><![CDATA[2013/10/p-vimeo-fx-showreel-abstract-style-of-handler.jpg]]></wp:meta_value>
		</wp:postmeta>
		<wp:postmeta>
			<wp:meta_key>_wp_attachment_metadata</wp:meta_key>
			<wp:meta_value><![CDATA[a:5:{s:5:"width";i:1100;s:6:"height";i:825;s:4:"file";s:57:"2013/10/p-vimeo-fx-showreel-abstract-style-of-handler.jpg";s:5:"sizes";a:15:{s:9:"thumbnail";a:4:{s:4:"file";s:57:"p-vimeo-fx-showreel-abstract-style-of-handler-150x150.jpg";s:5:"width";i:150;s:6:"height";i:150;s:9:"mime-type";s:10:"image/jpeg";}s:6:"medium";a:4:{s:4:"file";s:57:"p-vimeo-fx-showreel-abstract-style-of-handler-300x224.jpg";s:5:"width";i:300;s:6:"height";i:224;s:9:"mime-type";s:10:"image/jpeg";}s:5:"large";a:4:{s:4:"file";s:58:"p-vimeo-fx-showreel-abstract-style-of-handler-1024x768.jpg";s:5:"width";i:1024;s:6:"height";i:768;s:9:"mime-type";s:10:"image/jpeg";}s:16:"portfolio-square";a:4:{s:4:"file";s:57:"p-vimeo-fx-showreel-abstract-style-of-handler-570x570.jpg";s:5:"width";i:570;s:6:"height";i:570;s:9:"mime-type";s:10:"image/jpeg";}s:18:"menu-featured-post";a:4:{s:4:"file";s:57:"p-vimeo-fx-showreel-abstract-style-of-handler-345x198.jpg";s:5:"width";i:345;s:6:"height";i:198;s:9:"mime-type";s:10:"image/jpeg";}s:20:"qode-carousel_slider";a:4:{s:4:"file";s:57:"p-vimeo-fx-showreel-abstract-style-of-handler-400x260.jpg";s:5:"width";i:400;s:6:"height";i:260;s:9:"mime-type";s:10:"image/jpeg";}s:16:"portfolio_slider";a:4:{s:4:"file";s:57:"p-vimeo-fx-showreel-abstract-style-of-handler-480x320.jpg";s:5:"width";i:480;s:6:"height";i:320;s:9:"mime-type";s:10:"image/jpeg";}s:25:"portfolio_masonry_regular";a:4:{s:4:"file";s:57:"p-vimeo-fx-showreel-abstract-style-of-handler-500x500.jpg";s:5:"width";i:500;s:6:"height";i:500;s:9:"mime-type";s:10:"image/jpeg";}s:22:"portfolio_masonry_wide";a:4:{s:4:"file";s:58:"p-vimeo-fx-showreel-abstract-style-of-handler-1000x500.jpg";s:5:"width";i:1000;s:6:"height";i:500;s:9:"mime-type";s:10:"image/jpeg";}s:22:"portfolio_masonry_tall";a:4:{s:4:"file";s:57:"p-vimeo-fx-showreel-abstract-style-of-handler-500x825.jpg";s:5:"width";i:500;s:6:"height";i:825;s:9:"mime-type";s:10:"image/jpeg";}s:23:"portfolio_masonry_large";a:4:{s:4:"file";s:58:"p-vimeo-fx-showreel-abstract-style-of-handler-1000x825.jpg";s:5:"width";i:1000;s:6:"height";i:825;s:9:"mime-type";s:10:"image/jpeg";}s:17:"latest_post_boxes";a:4:{s:4:"file";s:57:"p-vimeo-fx-showreel-abstract-style-of-handler-539x303.jpg";s:5:"width";i:539;s:6:"height";i:303;s:9:"mime-type";s:10:"image/jpeg";}s:14:"shop_thumbnail";a:4:{s:4:"file";s:57:"p-vimeo-fx-showreel-abstract-style-of-handler-166x125.jpg";s:5:"width";i:166;s:6:"height";i:125;s:9:"mime-type";s:10:"image/jpeg";}s:12:"shop_catalog";a:4:{s:4:"file";s:57:"p-vimeo-fx-showreel-abstract-style-of-handler-292x219.jpg";s:5:"width";i:292;s:6:"height";i:219;s:9:"mime-type";s:10:"image/jpeg";}s:11:"shop_single";a:4:{s:4:"file";s:57:"p-vimeo-fx-showreel-abstract-style-of-handler-528x396.jpg";s:5:"width";i:528;s:6:"height";i:396;s:9:"mime-type";s:10:"image/jpeg";}}s:10:"image_meta";a:10:{s:8:"aperture";i:0;s:6:"credit";s:0:"";s:6:"camera";s:0:"";s:7:"caption";s:0:"";s:17:"created_timestamp";i:0;s:9:"copyright";s:0:"";s:12:"focal_length";i:0;s:3:"iso";i:0;s:13:"shutter_speed";i:0;s:5:"title";s:0:"";}}]]></wp:meta_value>
		</wp:postmeta>
		<wp:postmeta>
			<wp:meta_key>_wp_attachment_image_alt</wp:meta_key>
			<wp:meta_value><![CDATA[qode interactive strata]]></wp:meta_value>
		</wp:postmeta>
		<wp:postmeta>
			<wp:meta_key>_edit_last</wp:meta_key>
			<wp:meta_value><![CDATA[1]]></wp:meta_value>
		</wp:postmeta>
	</item>

	<item>
				<title>p-der-spiegel-cover-art--luv-deluxe-3000</title>
		<link>http://demo.qodeinteractive.com/bridge26/portfolio_page/der-spiegel-cover-art/p-der-spiegel-cover-art-luv-deluxe-3000/</link>
		<pubDate>Wed, 30 Oct 2013 14:33:29 +0000</pubDate>
		<dc:creator><![CDATA[admin]]></dc:creator>
		<guid isPermaLink="false">http://demo.qodeinteractive.com/bridge26/wp-content/uploads/2013/10/p-der-spiegel-cover-art-luv-deluxe-3000.jpg</guid>
		<description></description>
		<content:encoded><![CDATA[]]></content:encoded>
		<excerpt:encoded><![CDATA[]]></excerpt:encoded>
		<wp:post_id>2852</wp:post_id>
		<wp:post_date>2013-10-30 14:33:29</wp:post_date>
		<wp:post_date_gmt>2013-10-30 14:33:29</wp:post_date_gmt>
		<wp:comment_status>open</wp:comment_status>
		<wp:ping_status>open</wp:ping_status>
		<wp:post_name>p-der-spiegel-cover-art-luv-deluxe-3000</wp:post_name>
		<wp:status>inherit</wp:status>
		<wp:post_parent>165</wp:post_parent>
		<wp:menu_order>0</wp:menu_order>
		<wp:post_type>attachment</wp:post_type>
		<wp:post_password></wp:post_password>
		<wp:is_sticky>0</wp:is_sticky>
		<wp:attachment_url>http://demo.qodeinteractive.com/bridge26/wp-content/uploads/2013/10/p-der-spiegel-cover-art-luv-deluxe-3000.jpg</wp:attachment_url>
		<wp:postmeta>
			<wp:meta_key>_wp_attached_file</wp:meta_key>
			<wp:meta_value><![CDATA[2013/10/p-der-spiegel-cover-art-luv-deluxe-3000.jpg]]></wp:meta_value>
		</wp:postmeta>
		<wp:postmeta>
			<wp:meta_key>_wp_attachment_metadata</wp:meta_key>
			<wp:meta_value><![CDATA[a:5:{s:5:"width";i:1100;s:6:"height";i:825;s:4:"file";s:51:"2013/10/p-der-spiegel-cover-art-luv-deluxe-3000.jpg";s:5:"sizes";a:15:{s:9:"thumbnail";a:4:{s:4:"file";s:51:"p-der-spiegel-cover-art-luv-deluxe-3000-150x150.jpg";s:5:"width";i:150;s:6:"height";i:150;s:9:"mime-type";s:10:"image/jpeg";}s:6:"medium";a:4:{s:4:"file";s:51:"p-der-spiegel-cover-art-luv-deluxe-3000-300x224.jpg";s:5:"width";i:300;s:6:"height";i:224;s:9:"mime-type";s:10:"image/jpeg";}s:5:"large";a:4:{s:4:"file";s:52:"p-der-spiegel-cover-art-luv-deluxe-3000-1024x768.jpg";s:5:"width";i:1024;s:6:"height";i:768;s:9:"mime-type";s:10:"image/jpeg";}s:16:"portfolio-square";a:4:{s:4:"file";s:51:"p-der-spiegel-cover-art-luv-deluxe-3000-570x570.jpg";s:5:"width";i:570;s:6:"height";i:570;s:9:"mime-type";s:10:"image/jpeg";}s:18:"menu-featured-post";a:4:{s:4:"file";s:51:"p-der-spiegel-cover-art-luv-deluxe-3000-345x198.jpg";s:5:"width";i:345;s:6:"height";i:198;s:9:"mime-type";s:10:"image/jpeg";}s:20:"qode-carousel_slider";a:4:{s:4:"file";s:51:"p-der-spiegel-cover-art-luv-deluxe-3000-400x260.jpg";s:5:"width";i:400;s:6:"height";i:260;s:9:"mime-type";s:10:"image/jpeg";}s:16:"portfolio_slider";a:4:{s:4:"file";s:51:"p-der-spiegel-cover-art-luv-deluxe-3000-480x320.jpg";s:5:"width";i:480;s:6:"height";i:320;s:9:"mime-type";s:10:"image/jpeg";}s:25:"portfolio_masonry_regular";a:4:{s:4:"file";s:51:"p-der-spiegel-cover-art-luv-deluxe-3000-500x500.jpg";s:5:"width";i:500;s:6:"height";i:500;s:9:"mime-type";s:10:"image/jpeg";}s:22:"portfolio_masonry_wide";a:4:{s:4:"file";s:52:"p-der-spiegel-cover-art-luv-deluxe-3000-1000x500.jpg";s:5:"width";i:1000;s:6:"height";i:500;s:9:"mime-type";s:10:"image/jpeg";}s:22:"portfolio_masonry_tall";a:4:{s:4:"file";s:51:"p-der-spiegel-cover-art-luv-deluxe-3000-500x825.jpg";s:5:"width";i:500;s:6:"height";i:825;s:9:"mime-type";s:10:"image/jpeg";}s:23:"portfolio_masonry_large";a:4:{s:4:"file";s:52:"p-der-spiegel-cover-art-luv-deluxe-3000-1000x825.jpg";s:5:"width";i:1000;s:6:"height";i:825;s:9:"mime-type";s:10:"image/jpeg";}s:17:"latest_post_boxes";a:4:{s:4:"file";s:51:"p-der-spiegel-cover-art-luv-deluxe-3000-539x303.jpg";s:5:"width";i:539;s:6:"height";i:303;s:9:"mime-type";s:10:"image/jpeg";}s:14:"shop_thumbnail";a:4:{s:4:"file";s:51:"p-der-spiegel-cover-art-luv-deluxe-3000-166x125.jpg";s:5:"width";i:166;s:6:"height";i:125;s:9:"mime-type";s:10:"image/jpeg";}s:12:"shop_catalog";a:4:{s:4:"file";s:51:"p-der-spiegel-cover-art-luv-deluxe-3000-292x219.jpg";s:5:"width";i:292;s:6:"height";i:219;s:9:"mime-type";s:10:"image/jpeg";}s:11:"shop_single";a:4:{s:4:"file";s:51:"p-der-spiegel-cover-art-luv-deluxe-3000-528x396.jpg";s:5:"width";i:528;s:6:"height";i:396;s:9:"mime-type";s:10:"image/jpeg";}}s:10:"image_meta";a:10:{s:8:"aperture";i:0;s:6:"credit";s:0:"";s:6:"camera";s:0:"";s:7:"caption";s:0:"";s:17:"created_timestamp";i:0;s:9:"copyright";s:0:"";s:12:"focal_length";i:0;s:3:"iso";i:0;s:13:"shutter_speed";i:0;s:5:"title";s:0:"";}}]]></wp:meta_value>
		</wp:postmeta>
		<wp:postmeta>
			<wp:meta_key>_wp_attachment_image_alt</wp:meta_key>
			<wp:meta_value><![CDATA[qode interactive strata]]></wp:meta_value>
		</wp:postmeta>
		<wp:postmeta>
			<wp:meta_key>_edit_last</wp:meta_key>
			<wp:meta_value><![CDATA[1]]></wp:meta_value>
		</wp:postmeta>
	</item>

	<item>
				<title>p-adventures-in-zonderland--67b-construction-studio</title>
		<link>http://demo.qodeinteractive.com/bridge26/?attachment_id=2853</link>
		<pubDate>Wed, 30 Oct 2013 14:35:10 +0000</pubDate>
		<dc:creator><![CDATA[admin]]></dc:creator>
		<guid isPermaLink="false">http://demo.qodeinteractive.com/bridge26/wp-content/uploads/2013/10/p-adventures-in-zonderland-67b-construction-studio.jpg</guid>
		<description></description>
		<content:encoded><![CDATA[]]></content:encoded>
		<excerpt:encoded><![CDATA[]]></excerpt:encoded>
		<wp:post_id>2853</wp:post_id>
		<wp:post_date>2013-10-30 14:35:10</wp:post_date>
		<wp:post_date_gmt>2013-10-30 14:35:10</wp:post_date_gmt>
		<wp:comment_status>open</wp:comment_status>
		<wp:ping_status>open</wp:ping_status>
		<wp:post_name>p-adventures-in-zonderland-67b-construction-studio</wp:post_name>
		<wp:status>inherit</wp:status>
		<wp:post_parent>0</wp:post_parent>
		<wp:menu_order>0</wp:menu_order>
		<wp:post_type>attachment</wp:post_type>
		<wp:post_password></wp:post_password>
		<wp:is_sticky>0</wp:is_sticky>
		<wp:attachment_url>http://demo.qodeinteractive.com/bridge26/wp-content/uploads/2013/10/p-adventures-in-zonderland-67b-construction-studio.jpg</wp:attachment_url>
		<wp:postmeta>
			<wp:meta_key>_wp_attached_file</wp:meta_key>
			<wp:meta_value><![CDATA[2013/10/p-adventures-in-zonderland-67b-construction-studio.jpg]]></wp:meta_value>
		</wp:postmeta>
		<wp:postmeta>
			<wp:meta_key>_wp_attachment_metadata</wp:meta_key>
			<wp:meta_value><![CDATA[a:5:{s:5:"width";i:1100;s:6:"height";i:825;s:4:"file";s:62:"2013/10/p-adventures-in-zonderland-67b-construction-studio.jpg";s:5:"sizes";a:15:{s:9:"thumbnail";a:4:{s:4:"file";s:62:"p-adventures-in-zonderland-67b-construction-studio-150x150.jpg";s:5:"width";i:150;s:6:"height";i:150;s:9:"mime-type";s:10:"image/jpeg";}s:6:"medium";a:4:{s:4:"file";s:62:"p-adventures-in-zonderland-67b-construction-studio-300x224.jpg";s:5:"width";i:300;s:6:"height";i:224;s:9:"mime-type";s:10:"image/jpeg";}s:5:"large";a:4:{s:4:"file";s:63:"p-adventures-in-zonderland-67b-construction-studio-1024x768.jpg";s:5:"width";i:1024;s:6:"height";i:768;s:9:"mime-type";s:10:"image/jpeg";}s:16:"portfolio-square";a:4:{s:4:"file";s:62:"p-adventures-in-zonderland-67b-construction-studio-570x570.jpg";s:5:"width";i:570;s:6:"height";i:570;s:9:"mime-type";s:10:"image/jpeg";}s:18:"menu-featured-post";a:4:{s:4:"file";s:62:"p-adventures-in-zonderland-67b-construction-studio-345x198.jpg";s:5:"width";i:345;s:6:"height";i:198;s:9:"mime-type";s:10:"image/jpeg";}s:20:"qode-carousel_slider";a:4:{s:4:"file";s:62:"p-adventures-in-zonderland-67b-construction-studio-400x260.jpg";s:5:"width";i:400;s:6:"height";i:260;s:9:"mime-type";s:10:"image/jpeg";}s:16:"portfolio_slider";a:4:{s:4:"file";s:62:"p-adventures-in-zonderland-67b-construction-studio-480x320.jpg";s:5:"width";i:480;s:6:"height";i:320;s:9:"mime-type";s:10:"image/jpeg";}s:25:"portfolio_masonry_regular";a:4:{s:4:"file";s:62:"p-adventures-in-zonderland-67b-construction-studio-500x500.jpg";s:5:"width";i:500;s:6:"height";i:500;s:9:"mime-type";s:10:"image/jpeg";}s:22:"portfolio_masonry_wide";a:4:{s:4:"file";s:63:"p-adventures-in-zonderland-67b-construction-studio-1000x500.jpg";s:5:"width";i:1000;s:6:"height";i:500;s:9:"mime-type";s:10:"image/jpeg";}s:22:"portfolio_masonry_tall";a:4:{s:4:"file";s:62:"p-adventures-in-zonderland-67b-construction-studio-500x825.jpg";s:5:"width";i:500;s:6:"height";i:825;s:9:"mime-type";s:10:"image/jpeg";}s:23:"portfolio_masonry_large";a:4:{s:4:"file";s:63:"p-adventures-in-zonderland-67b-construction-studio-1000x825.jpg";s:5:"width";i:1000;s:6:"height";i:825;s:9:"mime-type";s:10:"image/jpeg";}s:17:"latest_post_boxes";a:4:{s:4:"file";s:62:"p-adventures-in-zonderland-67b-construction-studio-539x303.jpg";s:5:"width";i:539;s:6:"height";i:303;s:9:"mime-type";s:10:"image/jpeg";}s:14:"shop_thumbnail";a:4:{s:4:"file";s:62:"p-adventures-in-zonderland-67b-construction-studio-166x125.jpg";s:5:"width";i:166;s:6:"height";i:125;s:9:"mime-type";s:10:"image/jpeg";}s:12:"shop_catalog";a:4:{s:4:"file";s:62:"p-adventures-in-zonderland-67b-construction-studio-292x219.jpg";s:5:"width";i:292;s:6:"height";i:219;s:9:"mime-type";s:10:"image/jpeg";}s:11:"shop_single";a:4:{s:4:"file";s:62:"p-adventures-in-zonderland-67b-construction-studio-528x396.jpg";s:5:"width";i:528;s:6:"height";i:396;s:9:"mime-type";s:10:"image/jpeg";}}s:10:"image_meta";a:10:{s:8:"aperture";i:0;s:6:"credit";s:0:"";s:6:"camera";s:0:"";s:7:"caption";s:0:"";s:17:"created_timestamp";i:0;s:9:"copyright";s:0:"";s:12:"focal_length";i:0;s:3:"iso";i:0;s:13:"shutter_speed";i:0;s:5:"title";s:0:"";}}]]></wp:meta_value>
		</wp:postmeta>
		<wp:postmeta>
			<wp:meta_key>_wp_attachment_image_alt</wp:meta_key>
			<wp:meta_value><![CDATA[qode interactive strata]]></wp:meta_value>
		</wp:postmeta>
		<wp:postmeta>
			<wp:meta_key>_edit_last</wp:meta_key>
			<wp:meta_value><![CDATA[1]]></wp:meta_value>
		</wp:postmeta>
	</item>

</channel>
</rss>
